distributor_code,distributor_name,distributor_city,stockist_code,stockist_name,hq_code,hq_name,area,region,zone,be_emp_id_1,be_emp_id_2,be_emp_id_3,asm_emp_id,rsm_emp_id,zm_emp_id,vp_emp_id
002,ADONIS LABORATORIES PVT LTD,MUMBAI,C1078,CARE PHARMA,S0217,MUMBAI,MUMBAI,MAHARASHTRA,WEST ZONE,,,,,,,ADLA02
002,ADONIS LABORATORIES PVT LTD,MUMBAI,C1082,JAS PHARMA,S0217,MUMBAI,MUMBAI,MAHARASHTRA,WEST ZONE,,,,,,,ADLA02
002,ADONIS LABORATORIES PVT LTD,MUMBAI,C1098,MINI DISTRIBUTORS,S0217,MUMBAI,MUMBAI,MAHARASHTRA,WEST ZONE,,,,,,,ADLA02
011,SHREE BALAJI ENTERPRISES,PATNA,C0357,MANOJ MEDICAL AGENCY,S0012,ARRAH,ARRAH,BIHAR,EAST ZONE,ADLA70,,,,,,ADLA02
011,SHREE BALAJI ENTERPRISES,PATNA,C0407,JAI MAA DURGA MEDICAL AGENCY,S0012,ARRAH,ARRAH,BIHAR,EAST ZONE,ADLA70,,,,,,ADLA02
011,SHREE BALAJI ENTERPRISES,PATNA,C0913,BAIJNATH MEDICALS,S0012,ARRAH,ARRAH,BIHAR,EAST ZONE,ADLA70,,,,,,ADLA02
011,SHREE BALAJI ENTERPRISES,PATNA,C0914,SHREE RAM PHARMA,S0012,ARRAH,ARRAH,BIHAR,EAST ZONE,ADLA70,,,,,,ADLA02
011,SHREE BALAJI ENTERPRISES,PATNA,C1050,ARADHYA MEDICALS ENTERPRISES,S0012,ARRAH,ARRAH,BIHAR,EAST ZONE,ADLA70,,,,,,ADLA02
011,SHREE BALAJI ENTERPRISES,PATNA,C0708,SHIVAM MEDICAL AGENCY-,S0037,BIHARSHARIF,BIHARSHARIF,BIHAR,EAST ZONE,ADLA81,,,ADLA13,ADLA12,,ADLA02
011,SHREE BALAJI ENTERPRISES,PATNA,C0787,SHIVAM DRUG AGENCY,S0037,BIHARSHARIF,BIHARSHARIF,BIHAR,EAST ZONE,ADLA81,,,ADLA13,ADLA12,,ADLA02
011,SHREE BALAJI ENTERPRISES,PATNA,C0795,AKASH MEDICO,S0037,BIHARSHARIF,BIHARSHARIF,BIHAR,EAST ZONE,ADLA81,,,ADLA13,ADLA12,,ADLA02
011,SHREE BALAJI ENTERPRISES,PATNA,C1102,DURGA MEDICAL AGENCY,S0037,BIHARSHARIF,BIHARSHARIF,BIHAR,EAST ZONE,ADLA81,,,ADLA13,ADLA12,,ADLA02
011,SHREE BALAJI ENTERPRISES,PATNA,C0799,SHIWANGI PHARMACEUTICALS,S0058,DARBANGA,DARBANGA,BIHAR,EAST ZONE,ADLA82,,,ADLA15,ADLA12,,ADLA02
011,SHREE BALAJI ENTERPRISES,PATNA,C0872,DEO DRUG AGENCY,S0058,DARBANGA,DARBANGA,BIHAR,EAST ZONE,ADLA82,,,ADLA15,ADLA12,,ADLA02
011,SHREE BALAJI ENTERPRISES,PATNA,C0936,KRISHNA DRUGS ENTERPRISES,S0058,DARBANGA,DARBANGA,BIHAR,EAST ZONE,ADLA82,,,ADLA15,ADLA12,,ADLA02
011,SHREE BALAJI ENTERPRISES,PATNA,C1077,SHREE SIDDHI DRUG,S0092,HAJIPUR,HAJIPUR,BIHAR,EAST ZONE,ADLA74,,,ADLA13,ADLA12,,ADLA02
011,SHREE BALAJI ENTERPRISES,PATNA,C0709,NISHA DRUGS AGENCY,S0182,SAMASTIPUR,SAMASTIPUR,BIHAR,EAST ZONE,ADLA86,,,ADLA15,ADLA12,,ADLA02
011,SHREE BALAJI ENTERPRISES,PATNA,C0940,RISHI RAJ DRUGS,S0182,SAMASTIPUR,SAMASTIPUR,BIHAR,EAST ZONE,ADLA86,,,ADLA15,ADLA12,,ADLA02
011,SHREE BALAJI ENTERPRISES,PATNA,C1065,THAKUR DRUG AGENCY,S0182,SAMASTIPUR,SAMASTIPUR,BIHAR,EAST ZONE,ADLA86,,,ADLA15,ADLA12,,ADLA02
011,SHREE BALAJI ENTERPRISES,PATNA,C0355,JAI MATA DI DRUG DISTRS.,S0270,PATNA,PATNA,BIHAR,EAST ZONE,ADLA73,ADLA72,,ADLA13,ADLA12,,ADLA02
011,SHREE BALAJI ENTERPRISES,PATNA,C0356,LAXMI MED AGENCIES,S0270,PATNA,PATNA,BIHAR,EAST ZONE,ADLA73,ADLA72,,ADLA13,ADLA12,,ADLA02
011,SHREE BALAJI ENTERPRISES,PATNA,C0360,SHYAM PHARMA,S0270,PATNA,PATNA,BIHAR,EAST ZONE,ADLA73,ADLA72,,ADLA13,ADLA12,,ADLA02
011,SHREE BALAJI ENTERPRISES,PATNA,C0596,AMAR ENTERPRISES,S0270,PATNA,PATNA,BIHAR,EAST ZONE,ADLA73,ADLA72,,ADLA13,ADLA12,,ADLA02
011,SHREE BALAJI ENTERPRISES,PATNA,C0784,MAA DURGA AGENCY,S0270,PATNA,PATNA,BIHAR,EAST ZONE,ADLA73,ADLA72,,ADLA13,ADLA12,,ADLA02
011,SHREE BALAJI ENTERPRISES,PATNA,C0919,PRIYANKA AGENCY,S0270,PATNA,PATNA,BIHAR,EAST ZONE,ADLA73,ADLA72,,ADLA13,ADLA12,,ADLA02
011,SHREE BALAJI ENTERPRISES,PATNA,C0920,SAANVI MEDICAL AGENCY,S0288,GAYA,GAYA,BIHAR,EAST ZONE,ADLA77,,,ADLA14,ADLA12,,ADLA02
011,SHREE BALAJI ENTERPRISES,PATNA,C0943,BHAVESH MEDICAL AGENCY,S0288,GAYA,GAYA,BIHAR,EAST ZONE,ADLA77,,,ADLA14,ADLA12,,ADLA02
011,SHREE BALAJI ENTERPRISES,PATNA,C1079,SATYAM DRUG AGENCY,S0288,GAYA,GAYA,BIHAR,EAST ZONE,ADLA77,,,ADLA14,ADLA12,,ADLA02
011,SHREE BALAJI ENTERPRISES,PATNA,C0922,ARUNA ENTERPRISES,S0294,NAWADA,NAWADA,BIHAR,EAST ZONE,ADBRBE4,,,ADLA14,ADLA12,,ADLA02
011,SHREE BALAJI ENTERPRISES,PATNA,C0932,LAL MEDICAL AGENCY,S0294,NAWADA,NAWADA,BIHAR,EAST ZONE,ADBRBE4,,,ADLA14,ADLA12,,ADLA02
011,SHREE BALAJI ENTERPRISES,PATNA,C1069,SHIWANI PHARMA,S0294,NAWADA,NAWADA,BIHAR,EAST ZONE,ADBRBE4,,,ADLA14,ADLA12,,ADLA02
011,SHREE BALAJI ENTERPRISES,PATNA,C1115,RANJAN PHARMA,S0294,NAWADA,NAWADA,BIHAR,EAST ZONE,ADBRBE4,,,ADLA14,ADLA12,,ADLA02
011,SHREE BALAJI ENTERPRISES,PATNA,C0854,PRATAP DRUG,S0301,BUXAR,PATNA,BIHAR,EAST ZONE,,,,ADLA13,ADLA12,,ADLA02
011,SHREE BALAJI ENTERPRISES,PATNA,C0995,GUPTA DRUGS,S0301,BUXAR,PATNA,BIHAR,EAST ZONE,,,,ADLA13,ADLA12,,ADLA02
011,SHREE BALAJI ENTERPRISES,PATNA,C0818,DHANWANTRI MEDICAL AGENCY,S0302,SASARAM,PATNA,BIHAR,EAST ZONE,,,,ADLA14,ADLA12,,ADLA02
011,SHREE BALAJI ENTERPRISES,PATNA,C0921,MAHADEV PHARMA AGENCY,S0302,SASARAM,PATNA,BIHAR,EAST ZONE,,,,ADLA14,ADLA12,,ADLA02
011,SHREE BALAJI ENTERPRISES,PATNA,C0889,NAVIN BROTHERS SURGICALS,S0321,SITAMARHI,SITAMARHI,BIHAR,EAST ZONE,ADLA84,,,ADLA15,ADLA12,,ADLA02
011,SHREE BALAJI ENTERPRISES,PATNA,C0937,NEW MAA DURGA PHARMA,S0321,SITAMARHI,SITAMARHI,BIHAR,EAST ZONE,ADLA84,,,ADLA15,ADLA12,,ADLA02
011,SHREE BALAJI ENTERPRISES,PATNA,C1119,BHAVYA DRUG AGENCY,S0321,SITAMARHI,SITAMARHI,BIHAR,EAST ZONE,ADLA84,,,ADLA15,ADLA12,,ADLA02
011,SHREE BALAJI ENTERPRISES,PATNA,C1071,ADITYA DRUG AGENCY,S0334,MUZAFFARPUR,MUZAFFARPUR,BIHAR,EAST ZONE,ADLA71,,,,ADLA12,,ADLA02
011,SHREE BALAJI ENTERPRISES,PATNA,C0939,MAA DRUG AGENCY,S0350,MADHUBANI,MADHUBANI,BIHAR,EAST ZONE,ADLA83,,,ADLA15,ADLA12,,ADLA02
011,SHREE BALAJI ENTERPRISES,PATNA,C1072,SHAKUNTALA DRUG AGENCY,S0350,MADHUBANI,MADHUBANI,BIHAR,EAST ZONE,ADLA83,,,ADLA15,ADLA12,,ADLA02
011,SHREE BALAJI ENTERPRISES,PATNA,C0950,APOLLO PHARMA,S0359,AURANGABAD,PATNA,BIHAR,EAST ZONE,ADLA80,,,ADLA14,ADLA12,,ADLA02
011,SHREE BALAJI ENTERPRISES,PATNA,C1070,MA TARA MEDICO,S0359,AURANGABAD,PATNA,BIHAR,EAST ZONE,ADLA80,,,ADLA14,ADLA12,,ADLA02
011,SHREE BALAJI ENTERPRISES,PATNA,C1073,M R DRUG DISTRIBUTOR,S0377,MOTIHARI,MOTIHARI,BIHAR,EAST ZONE,,,,ADLA15,ADLA12,,ADLA02
011,SHREE BALAJI ENTERPRISES,PATNA,C1108,SHRI BALAJI PHARMA AGENCY,S0381,DEHRI-ON-SONE,DEHRI-ON-SONE,BIHAR,EAST ZONE,ADBRBE5,,,ADLA14,ADLA12,,ADLA02
012,SEN MEDICOS DISTRIBUTORS,RAIPUR,C0371,DRUG POINT-AMBIKAPUR,S0006,AMBIKAPUR,AMBIKAPUR,CHHATTISGARH,CENTRAL ZONE,,,,ADLA28,,,ADLA02
012,SEN MEDICOS DISTRIBUTORS,RAIPUR,C0456,GAYATRI MEDICAL AGENCIES,S0006,AMBIKAPUR,AMBIKAPUR,CHHATTISGARH,CENTRAL ZONE,,,,ADLA28,,,ADLA02
012,SEN MEDICOS DISTRIBUTORS,RAIPUR,C1099,KISMIRA MEDICAL AND GENERAL AGENCY,S0006,AMBIKAPUR,AMBIKAPUR,CHHATTISGARH,CENTRAL ZONE,,,,ADLA28,,,ADLA02
012,SEN MEDICOS DISTRIBUTORS,RAIPUR,C0363,GAYATRI MEDICAL AGENCIES,S0039,BILASPUR,BILASPUR,CHHATTISGARH,CENTRAL ZONE,ADLA163,,,ADLA28,,,ADLA02
012,SEN MEDICOS DISTRIBUTORS,RAIPUR,C0364,K.S.AGENCIES,S0039,BILASPUR,BILASPUR,CHHATTISGARH,CENTRAL ZONE,ADLA163,,,ADLA28,,,ADLA02
012,SEN MEDICOS DISTRIBUTORS,RAIPUR,C0365,MEDI TRACK,S0039,BILASPUR,BILASPUR,CHHATTISGARH,CENTRAL ZONE,ADLA163,,,ADLA28,,,ADLA02
012,SEN MEDICOS DISTRIBUTORS,RAIPUR,C0367,RAKESH MEDICAL STORES,S0039,BILASPUR,BILASPUR,CHHATTISGARH,CENTRAL ZONE,ADLA163,,,ADLA28,,,ADLA02
012,SEN MEDICOS DISTRIBUTORS,RAIPUR,C0561,HAMARA PHARMA,S0073,DURG,DURG,CHHATTISGARH,CENTRAL ZONE,ADCGBE4,,,ADLA28,,,ADLA02
012,SEN MEDICOS DISTRIBUTORS,RAIPUR,C0891,RAJAT PHARMA,S0073,DURG,DURG,CHHATTISGARH,CENTRAL ZONE,ADCGBE4,,,ADLA28,,,ADLA02
012,SEN MEDICOS DISTRIBUTORS,RAIPUR,C0729,GAYATRI PHARMA,S0166,RAIGARH,RAIGARH,CHHATTISGARH,CENTRAL ZONE,,,,ADLA28,,,ADLA02
012,SEN MEDICOS DISTRIBUTORS,RAIPUR,C1105,AJAY MEDICAL AGENCIES,S0166,RAIGARH,RAIGARH,CHHATTISGARH,CENTRAL ZONE,,,,ADLA28,,,ADLA02
012,SEN MEDICOS DISTRIBUTORS,RAIPUR,C0595,AKRUTI PHARMA,S0167,RAIPUR,RAIPUR,CHHATTISGARH,CENTRAL ZONE,ADLA157,,,ADLA28,,,ADLA02
012,SEN MEDICOS DISTRIBUTORS,RAIPUR,C0754,UMA MEDICAL STORES,S0167,RAIPUR,RAIPUR,CHHATTISGARH,CENTRAL ZONE,ADLA157,,,ADLA28,,,ADLA02
012,SEN MEDICOS DISTRIBUTORS,RAIPUR,C0842,SURAJ MEDICALS,S0167,RAIPUR,RAIPUR,CHHATTISGARH,CENTRAL ZONE,ADLA157,,,ADLA28,,,ADLA02
012,SEN MEDICOS DISTRIBUTORS,RAIPUR,C1094,POOJA AGENCIES,S0167,RAIPUR,RAIPUR,CHHATTISGARH,CENTRAL ZONE,ADLA157,,,ADLA28,,,ADLA02
012,SEN MEDICOS DISTRIBUTORS,RAIPUR,C0927,PUNJAB MEDICOSE,S0170,RAJNANDGAON,RAJNANDGAON,CHHATTISGARH,CENTRAL ZONE,ADLA158,,,ADLA28,,,ADLA02
012,SEN MEDICOS DISTRIBUTORS,RAIPUR,C0736,MODI PHARMA,S0299,KORBA,KORBA,CHHATTISGARH,CENTRAL ZONE,,,,ADLA28,,,ADLA02
012,SEN MEDICOS DISTRIBUTORS,RAIPUR,C0884,SHRI BALAJI MEDICOSE,S0329,DHAMTARI,DHAMTARI,CHHATTISGARH,CENTRAL ZONE,,,,ADLA28,,,ADLA02
012,SEN MEDICOS DISTRIBUTORS,RAIPUR,C1057,SHRI SAI PHARMACEUTICALS,S0374,MANENDRGADH,MANENDRGADH,CHHATTISGARH,CENTRAL ZONE,ADLA164,,,ADLA28,,,ADLA02
012,SEN MEDICOS DISTRIBUTORS,RAIPUR,C1088,SHYAM MEDICOSE,S0374,MANENDRGADH,MANENDRGADH,CHHATTISGARH,CENTRAL ZONE,ADLA164,,,ADLA28,,,ADLA02
012,SEN MEDICOS DISTRIBUTORS,RAIPUR,C1055,IERA TRADERS,S0375,KAWARDHA,KAWARDHA,CHHATTISGARH,CENTRAL ZONE,ADLA159,,,ADLA28,,,ADLA02
013,NAV DURGA AGENCY,RANCHI,C0689,SHIVAM MEDICALS,S0062,DEOGHAR,DEOGHAR,JHARKHAND,EAST ZONE,ADLA65,,,ADLA10,ADLA09,,ADLA02
013,NAV DURGA AGENCY,RANCHI,C0778,R P DISTRIBUTORS PHARMA,S0062,DEOGHAR,DEOGHAR,JHARKHAND,EAST ZONE,ADLA65,,,ADLA10,ADLA09,,ADLA02
013,NAV DURGA AGENCY,RANCHI,C0825,MASHUK DRUGS AGENCY,S0062,DEOGHAR,DEOGHAR,JHARKHAND,EAST ZONE,ADLA65,,,ADLA10,ADLA09,,ADLA02
013,NAV DURGA AGENCY,RANCHI,C0925,K P G ENTERPRISES,S0062,DEOGHAR,DEOGHAR,JHARKHAND,EAST ZONE,ADLA65,,,ADLA10,ADLA09,,ADLA02
013,NAV DURGA AGENCY,RANCHI,C0998,BABA MEDICAL AGENCIES,S0062,DEOGHAR,DEOGHAR,JHARKHAND,EAST ZONE,ADLA65,,,ADLA10,ADLA09,,ADLA02
013,NAV DURGA AGENCY,RANCHI,C1060,KUMAR DRUGS,S0062,DEOGHAR,DEOGHAR,JHARKHAND,EAST ZONE,ADLA65,,,ADLA10,ADLA09,,ADLA02
013,NAV DURGA AGENCY,RANCHI,C0372,BALAJI TRADING CO.,S0105,JAMSHEDPUR,JAMSHEDPUR,JHARKHAND,EAST ZONE,ADLA62,,,,ADLA09,,ADLA02
013,NAV DURGA AGENCY,RANCHI,C0380,KAMAL PHARMACEUTICALS,S0105,JAMSHEDPUR,JAMSHEDPUR,JHARKHAND,EAST ZONE,ADLA62,,,,ADLA09,,ADLA02
013,NAV DURGA AGENCY,RANCHI,C0411,SHRI GANESH DRUG AGENCY,S0105,JAMSHEDPUR,JAMSHEDPUR,JHARKHAND,EAST ZONE,ADLA62,,,,ADLA09,,ADLA02
013,NAV DURGA AGENCY,RANCHI,C0831,SHIVAM MEDICALS,S0105,JAMSHEDPUR,JAMSHEDPUR,JHARKHAND,EAST ZONE,ADLA62,,,,ADLA09,,ADLA02
013,NAV DURGA AGENCY,RANCHI,C1064,D2 MEDICURE,S0105,JAMSHEDPUR,JAMSHEDPUR,JHARKHAND,EAST ZONE,ADLA62,,,,ADLA09,,ADLA02
013,NAV DURGA AGENCY,RANCHI,C1090,NILKAMAL ENTERPRISES,S0105,JAMSHEDPUR,JAMSHEDPUR,JHARKHAND,EAST ZONE,ADLA62,,,,ADLA09,,ADLA02
013,NAV DURGA AGENCY,RANCHI,C0830,NEW KISSAN ENTERPRISES,S0172,RAMGARH,RAMGARH,JHARKHAND,EAST ZONE,ADLA61,,,,ADLA09,,ADLA02
013,NAV DURGA AGENCY,RANCHI,C1033,AGRASEN PHARMA,S0172,RAMGARH,RAMGARH,JHARKHAND,EAST ZONE,ADLA61,,,,ADLA09,,ADLA02
013,NAV DURGA AGENCY,RANCHI,C1048,RAJANI DISTRIBUTORS,S0172,RAMGARH,RAMGARH,JHARKHAND,EAST ZONE,ADLA61,,,,ADLA09,,ADLA02
013,NAV DURGA AGENCY,RANCHI,C1116,RASHMI MEDICO,S0172,RAMGARH,RAMGARH,JHARKHAND,EAST ZONE,ADLA61,,,,ADLA09,,ADLA02
013,NAV DURGA AGENCY,RANCHI,C0374,M.K. PHARMA,S0174,RANCHI,RANCHI,JHARKHAND,EAST ZONE,ADLA56,,,,ADLA09,,ADLA02
013,NAV DURGA AGENCY,RANCHI,C0377,RENU DISTRIBUTORS,S0174,RANCHI,RANCHI,JHARKHAND,EAST ZONE,ADLA56,,,,ADLA09,,ADLA02
013,NAV DURGA AGENCY,RANCHI,C0382,SANJIBAN PHARMA,S0174,RANCHI,RANCHI,JHARKHAND,EAST ZONE,ADLA56,,,,ADLA09,,ADLA02
013,NAV DURGA AGENCY,RANCHI,C0384,SHREE SHYAM DRUG HOUSE,S0174,RANCHI,RANCHI,JHARKHAND,EAST ZONE,ADLA56,,,,ADLA09,,ADLA02
013,NAV DURGA AGENCY,RANCHI,C0700,NARWANI DRUG AGENCIES,S0174,RANCHI,RANCHI,JHARKHAND,EAST ZONE,ADLA56,,,,ADLA09,,ADLA02
013,NAV DURGA AGENCY,RANCHI,C0759,CHOUDHARY MEDICAL AGENCIES,S0174,RANCHI,RANCHI,JHARKHAND,EAST ZONE,ADLA56,,,,ADLA09,,ADLA02
013,NAV DURGA AGENCY,RANCHI,C0935,UTKAL PHARMA,S0174,RANCHI,RANCHI,JHARKHAND,EAST ZONE,ADLA56,,,,ADLA09,,ADLA02
013,NAV DURGA AGENCY,RANCHI,C0758,NEW P. K. PHARMA,S0286,HAZARIBAG,HAZARIBAG,JHARKHAND,EAST ZONE,,,,,ADLA09,,ADLA02
013,NAV DURGA AGENCY,RANCHI,C0832,USHA PHARMA,S0286,HAZARIBAG,HAZARIBAG,JHARKHAND,EAST ZONE,,,,,ADLA09,,ADLA02
013,NAV DURGA AGENCY,RANCHI,C1034,G. S. B. PHARMA,S0286,HAZARIBAG,HAZARIBAG,JHARKHAND,EAST ZONE,,,,,ADLA09,,ADLA02
013,NAV DURGA AGENCY,RANCHI,C1056,RELIANCE MEDICO,S0286,HAZARIBAG,HAZARIBAG,JHARKHAND,EAST ZONE,,,,,ADLA09,,ADLA02
013,NAV DURGA AGENCY,RANCHI,C1103,AYANSH PHARMA,S0286,HAZARIBAG,HAZARIBAG,JHARKHAND,EAST ZONE,,,,,ADLA09,,ADLA02
013,NAV DURGA AGENCY,RANCHI,C0929,SHAILI DISTRIBUTORS,S0287,DHANBAD,DHANBAD,JHARKHAND,EAST ZONE,ADLA64,,,ADLA10,ADLA09,,ADLA02
013,NAV DURGA AGENCY,RANCHI,C1044,B S PHARMA,S0287,DHANBAD,DHANBAD,JHARKHAND,EAST ZONE,ADLA64,,,ADLA10,ADLA09,,ADLA02
013,NAV DURGA AGENCY,RANCHI,C1058,SUPRITY MEDICINE,S0287,DHANBAD,DHANBAD,JHARKHAND,EAST ZONE,ADLA64,,,ADLA10,ADLA09,,ADLA02
013,NAV DURGA AGENCY,RANCHI,C0873,ANAND ENTERPRISES,S0304,GIRIDIH,GIRIDIH,JHARKHAND,EAST ZONE,ADLA68,,,ADLA10,ADLA09,,ADLA02
013,NAV DURGA AGENCY,RANCHI,C0941,ROY MEDICAL AGENCY,S0304,GIRIDIH,GIRIDIH,JHARKHAND,EAST ZONE,ADLA68,,,ADLA10,ADLA09,,ADLA02
013,NAV DURGA AGENCY,RANCHI,C1049,SHRI SHYAM MEDICAL AGENCY,S0304,GIRIDIH,GIRIDIH,JHARKHAND,EAST ZONE,ADLA68,,,ADLA10,ADLA09,,ADLA02
013,NAV DURGA AGENCY,RANCHI,C0789,M R SALES,S0305,DALTONGANJ,DALTONGANJ,JHARKHAND,EAST ZONE,ADLA59,,,,ADLA09,,ADLA02
013,NAV DURGA AGENCY,RANCHI,C1023,ISHI PHARMA,S0305,DALTONGANJ,DALTONGANJ,JHARKHAND,EAST ZONE,ADLA59,,,,ADLA09,,ADLA02
013,NAV DURGA AGENCY,RANCHI,C1059,PRAKASH MEDICAL AGENCY,S0305,DALTONGANJ,DALTONGANJ,JHARKHAND,EAST ZONE,ADLA59,,,,ADLA09,,ADLA02
013,NAV DURGA AGENCY,RANCHI,C1118,NEW RASHI PHARMA,S0305,DALTONGANJ,DALTONGANJ,JHARKHAND,EAST ZONE,ADLA59,,,,ADLA09,,ADLA02
013,NAV DURGA AGENCY,RANCHI,C0801,MAA TARA DRUG & SURGICALS,S0313,TELAIYA,TELAIYA,JHARKHAND,EAST ZONE,ADLA63,,,,ADLA09,,ADLA02
013,NAV DURGA AGENCY,RANCHI,C0838,MAA AMBEY PHARMA,S0313,TELAIYA,TELAIYA,JHARKHAND,EAST ZONE,ADLA63,,,,ADLA09,,ADLA02
013,NAV DURGA AGENCY,RANCHI,C0934,VEENA PHARMA,S0313,TELAIYA,TELAIYA,JHARKHAND,EAST ZONE,ADLA63,,,,ADLA09,,ADLA02
013,NAV DURGA AGENCY,RANCHI,C1067,SHREE NAV DURGA PHARMA,S0313,TELAIYA,TELAIYA,JHARKHAND,EAST ZONE,ADLA63,,,,ADLA09,,ADLA02
013,NAV DURGA AGENCY,RANCHI,C1100,SAMIR MEDICAL AGENCY,S0313,TELAIYA,TELAIYA,JHARKHAND,EAST ZONE,ADLA63,,,,ADLA09,,ADLA02
013,NAV DURGA AGENCY,RANCHI,C0828,JHARKHAND PHARMA,S0317,SAHIBGANJ,SAHIBGANJ,JHARKHAND,EAST ZONE,ADLA67,,,,ADLA09,,ADLA02
013,NAV DURGA AGENCY,RANCHI,C1031,AMBAJI MEDICAL AGENCIES,S0317,SAHIBGANJ,SAHIBGANJ,JHARKHAND,EAST ZONE,ADLA67,,,,ADLA09,,ADLA02
013,NAV DURGA AGENCY,RANCHI,C0808,SINHA REHABILITATION SERVICES,S0318,BOKARO,BOKARO,JHARKHAND,EAST ZONE,ADLA69,,,,ADLA09,,ADLA02
013,NAV DURGA AGENCY,RANCHI,C1043,RAOUSHAN PHARMA,S0318,BOKARO,BOKARO,JHARKHAND,EAST ZONE,ADLA69,,,,ADLA09,,ADLA02
013,NAV DURGA AGENCY,RANCHI,C1087,NEW KISSAN PHARMA,S0318,BOKARO,BOKARO,JHARKHAND,EAST ZONE,ADLA69,,,,ADLA09,,ADLA02
013,NAV DURGA AGENCY,RANCHI,C0459,SUMAN PHARMA,S0320,BARHARWA,BARHARWA,JHARKHAND,EAST ZONE,ADLA58,,,,ADLA09,,ADLA02
013,NAV DURGA AGENCY,RANCHI,C0887,MISHRA DRUG AGENCY,S0332,GODDA,GODDA,JHARKHAND,EAST ZONE,ADJHBE2,,,ADLA10,ADLA09,,ADLA02
013,NAV DURGA AGENCY,RANCHI,C0918,AKSHITA PHARMA,S0332,GODDA,GODDA,JHARKHAND,EAST ZONE,ADJHBE2,,,ADLA10,ADLA09,,ADLA02
013,NAV DURGA AGENCY,RANCHI,C1101,MAA KALI PHARMA,S0332,GODDA,GODDA,JHARKHAND,EAST ZONE,ADJHBE2,,,ADLA10,ADLA09,,ADLA02
013,NAV DURGA AGENCY,RANCHI,C1047,R P DISTRIBUTORS (IS-HO),S0362,INSTITUTIONAL SALE,DEOGHAR,JHARKHAND,EAST ZONE,,,,,ADLA09,,ADLA02
014,V.K.CORPORATION,BANGALORE,C0022,FOURS PHARMA,S0023,BANGALORE,BANGALORE,KARNATAKA,SOUTH ZONE,ADKABE2,ADKABE1,,ADKAASM1,,,ADLA02
014,V.K.CORPORATION,BANGALORE,C0669,CHIRAG MEDICARE SOLUTIONS PVT.LTD.,S0060,DAVANGERE,DAVANGERE,KARNATAKA,SOUTH ZONE,,,,ADKAASM1,,,ADLA02
014,V.K.CORPORATION,BANGALORE,C0680,CHETHANA PHARAMA PRIVATE LIMITED,S0060,DAVANGERE,DAVANGERE,KARNATAKA,SOUTH ZONE,,,,ADKAASM1,,,ADLA02
014,V.K.CORPORATION,BANGALORE,C0024,SRI LAXMI DRUG AG,S0091,HASSAN,HASSAN,KARNATAKA,SOUTH ZONE,,,,ADKAASM1,,,ADLA02
014,V.K.CORPORATION,BANGALORE,C0002,BHAVNA ASSOCIATES,S0141,MANDYA,MANDYA,KARNATAKA,SOUTH ZONE,ADKABE5,,,ADKAASM1,,,ADLA02
014,V.K.CORPORATION,BANGALORE,C0004,DELS ENTERPRISES,S0142,MANGALORE,MANGALORE,KARNATAKA,SOUTH ZONE,,,,ADKAASM1,,,ADLA02
014,V.K.CORPORATION,BANGALORE,C0008,GANESH DRUG INC,S0142,MANGALORE,MANGALORE,KARNATAKA,SOUTH ZONE,,,,ADKAASM1,,,ADLA02
014,V.K.CORPORATION,BANGALORE,C0009,LIFELINE SURGICAL & PHARMA,S0142,MANGALORE,MANGALORE,KARNATAKA,SOUTH ZONE,,,,ADKAASM1,,,ADLA02
014,V.K.CORPORATION,BANGALORE,C0821,SRI LAKSHMI PHARMA PVT LTD,S0148,MYSORE,MYSORE,KARNATAKA,SOUTH ZONE,ADKABE5,,,ADKAASM1,,,ADLA02
014,V.K.CORPORATION,BANGALORE,C0850,RAMAKRISHNA PHARMA PVT LTD,S0148,MYSORE,MYSORE,KARNATAKA,SOUTH ZONE,ADKABE5,,,ADKAASM1,,,ADLA02
014,V.K.CORPORATION,BANGALORE,C0003,CHETANA PHARMA,S0187,SHIMOGA,SHIMOGA,KARNATAKA,SOUTH ZONE,ADKABE3,,,ADKAASM1,,,ADLA02
014,V.K.CORPORATION,BANGALORE,C0005,DINAKAR PHARMA DISTRIBUTORS,S0187,SHIMOGA,SHIMOGA,KARNATAKA,SOUTH ZONE,ADKABE3,,,ADKAASM1,,,ADLA02
014,V.K.CORPORATION,BANGALORE,C0015,SHAH ASSOCIATES,S0187,SHIMOGA,SHIMOGA,KARNATAKA,SOUTH ZONE,ADKABE3,,,ADKAASM1,,,ADLA02
014,V.K.CORPORATION,BANGALORE,C0634,ASHOKA PHARMA,S0187,SHIMOGA,SHIMOGA,KARNATAKA,SOUTH ZONE,ADKABE3,,,ADKAASM1,,,ADLA02
014,V.K.CORPORATION,BANGALORE,C0915,SRI PAWAN PHARMA,S0187,SHIMOGA,SHIMOGA,KARNATAKA,SOUTH ZONE,ADKABE3,,,ADKAASM1,,,ADLA02
014,V.K.CORPORATION,BANGALORE,C0014,SAROJ PHARMA,S0193,SIRSI,SIRSI,KARNATAKA,SOUTH ZONE,,,,ADKAASM1,,,ADLA02
014,V.K.CORPORATION,BANGALORE,C0013,PHARMA LINKS,S0207,UDIPI,UDIPI,KARNATAKA,SOUTH ZONE,,,,ADKAASM1,,,ADLA02
014,V.K.CORPORATION,BANGALORE,C0558,SAI RADHA PHARMA(INDIA)PVT.LTD.,S0207,UDIPI,UDIPI,KARNATAKA,SOUTH ZONE,,,,ADKAASM1,,,ADLA02
014,V.K.CORPORATION,BANGALORE,C1106,KASIVISWANATHAN MEDICAL AGENCIES PVT LTD,S0247,MADURAI POOL,MADURAI,TAMIL NADU,SOUTH ZONE,,,,,,,ADLA02
014,V.K.CORPORATION,BANGALORE,C1104,KUMARAN AGENCIES (TN),S0248,CHENNAI,CHENNAI,TAMIL NADU,SOUTH ZONE,,,,,,,ADLA02
014,V.K.CORPORATION,BANGALORE,C0020,TULSI CORPORATION,S0269,BANGALORE POOL,BANGALORE,KARNATAKA,SOUTH ZONE,ADKABE2,ADKABE1,,ADKAASM1,,,ADLA02
014,V.K.CORPORATION,BANGALORE,C0021,VARDHAMAN DRUG HOUSE,S0269,BANGALORE POOL,BANGALORE,KARNATAKA,SOUTH ZONE,ADKABE2,ADKABE1,,ADKAASM1,,,ADLA02
014,V.K.CORPORATION,BANGALORE,C0030,VIJAYA PHARMA,S0269,BANGALORE POOL,BANGALORE,KARNATAKA,SOUTH ZONE,ADKABE2,ADKABE1,,ADKAASM1,,,ADLA02
014,V.K.CORPORATION,BANGALORE,C0621,M.K.DISTRIBUTORS,S0269,BANGALORE POOL,BANGALORE,KARNATAKA,SOUTH ZONE,ADKABE2,ADKABE1,,ADKAASM1,,,ADLA02
016,ADONIS LABORATORIES PVT.LTD.,INDORE,C0212,CASH CHEMIST,S0086,GWALIOR,GWALIOR,MADHYA PRADESH,CENTRAL ZONE,ADLA149,,,,,,ADLA02
016,ADONIS LABORATORIES PVT.LTD.,INDORE,C0216,NEHA MEDICAL AGENCIES,S0086,GWALIOR,GWALIOR,MADHYA PRADESH,CENTRAL ZONE,ADLA149,,,,,,ADLA02
016,ADONIS LABORATORIES PVT.LTD.,INDORE,C0217,PRAKARTI MEDICAL AGENCIES,S0086,GWALIOR,GWALIOR,MADHYA PRADESH,CENTRAL ZONE,ADLA149,,,,,,ADLA02
016,ADONIS LABORATORIES PVT.LTD.,INDORE,C0824,RAJ PHARMA DISTRIBUTORS,S0086,GWALIOR,GWALIOR,MADHYA PRADESH,CENTRAL ZONE,ADLA149,,,,,,ADLA02
016,ADONIS LABORATORIES PVT.LTD.,INDORE,C0221,SUNRISE DISTRIBUTORS,S0099,INDORE,INDORE,MADHYA PRADESH,CENTRAL ZONE,ADLA151,,,ADLA26,,,ADLA02
016,ADONIS LABORATORIES PVT.LTD.,INDORE,C1063,HIND AGENCIES,S0099,INDORE,INDORE,MADHYA PRADESH,CENTRAL ZONE,ADLA151,,,ADLA26,,,ADLA02
016,ADONIS LABORATORIES PVT.LTD.,INDORE,C0210,BACHHAN MEDICAL AGENCIES,S0180,SAGAR,SAGAR,MADHYA PRADESH,CENTRAL ZONE,,,,,,,ADLA02
016,ADONIS LABORATORIES PVT.LTD.,INDORE,C0211,BIYANI ENTERPRISES,S0208,UJJAIN,UJJAIN,MADHYA PRADESH,CENTRAL ZONE,ADLA153,,,ADLA26,,,ADLA02
016,ADONIS LABORATORIES PVT.LTD.,INDORE,C1096,KHANDELWAL MEDICAL AGENCIES,S0208,UJJAIN,UJJAIN,MADHYA PRADESH,CENTRAL ZONE,ADLA153,,,ADLA26,,,ADLA02
016,ADONIS LABORATORIES PVT.LTD.,INDORE,C1054,MEGHA MEDICAL AND SURICAL AGENCIES,S0225,BHOPAL,BHOPA,MADHYA PRADESH,CENTRAL ZONE,,,,,,,ADLA02
016,ADONIS LABORATORIES PVT.LTD.,INDORE,C0560,SHREE SWASTIK MEDICAL STORES,S0259,KHARGONE,KARGO,MADHYA PRADESH,CENTRAL ZONE,ADLA154,,,ADLA26,,,ADLA02
016,ADONIS LABORATORIES PVT.LTD.,INDORE,C1052,KAVITA MEDICAL STORE,S0372,DEWAS,DEWAS,MADHYA PRADESH,CENTRAL ZONE,ADMPBE1,,,ADLA26,,,ADLA02
016,ADONIS LABORATORIES PVT.LTD.,INDORE,C1068,MAYUR MEDICAL AGENCIES,S0372,DEWAS,DEWAS,MADHYA PRADESH,CENTRAL ZONE,ADMPBE1,,,ADLA26,,,ADLA02
018,ADONIS LABORATORIES PVT.LTD.,CUTTACK,C0078,AMBIKA PHARMACEUTICALS,S0017,BALASORE,BALASORE,ODISHA,EAST ZONE,ADORBE6,,,ADORASM1,ADLA16,,ADLA02
018,ADONIS LABORATORIES PVT.LTD.,CUTTACK,C0080,ATUL DISTRIBUTORS,S0017,BALASORE,BALASORE,ODISHA,EAST ZONE,ADORBE6,,,ADORASM1,ADLA16,,ADLA02
018,ADONIS LABORATORIES PVT.LTD.,CUTTACK,C0099,JYOTI PHARMACEUTICALS,S0017,BALASORE,BALASORE,ODISHA,EAST ZONE,ADORBE6,,,ADORASM1,ADLA16,,ADLA02
018,ADONIS LABORATORIES PVT.LTD.,CUTTACK,C0424,BASUDEV PHARMACEUTICALS,S0017,BALASORE,BALASORE,ODISHA,EAST ZONE,ADORBE6,,,ADORASM1,ADLA16,,ADLA02
018,ADONIS LABORATORIES PVT.LTD.,CUTTACK,C0548,MANOJ ENTERPRISES,S0017,BALASORE,BALASORE,ODISHA,EAST ZONE,ADORBE6,,,ADORASM1,ADLA16,,ADLA02
018,ADONIS LABORATORIES PVT.LTD.,CUTTACK,C0092,SHREE NARASINGH MEDICAL STORE,S0026,BARGARH,BARGARH,ODISHA,EAST ZONE,,,,,ADLA16,,ADLA02
018,ADONIS LABORATORIES PVT.LTD.,CUTTACK,C0101,LAXMINARAYAN AGENCY,S0026,BARGARH,BARGARH,ODISHA,EAST ZONE,,,,,ADLA16,,ADLA02
018,ADONIS LABORATORIES PVT.LTD.,CUTTACK,C0103,SAKUNIA MEDICAL AGENCIES,S0027,BARIPADA,BARIPADA,ODISHA,EAST ZONE,ADLA93,,,ADORASM1,ADLA16,,ADLA02
018,ADONIS LABORATORIES PVT.LTD.,CUTTACK,C0079,ASWINI AGENCIES,S0032,BERHAMPUR,BERHAMPUR,ODISHA,EAST ZONE,ADLA88,,,,ADLA16,,ADLA02
018,ADONIS LABORATORIES PVT.LTD.,CUTTACK,C0093,SRIRAM & CO.,S0032,BERHAMPUR,BERHAMPUR,ODISHA,EAST ZONE,ADLA88,,,,ADLA16,,ADLA02
018,ADONIS LABORATORIES PVT.LTD.,CUTTACK,C0102,SAKTI ASSOCIATES,S0032,BERHAMPUR,BERHAMPUR,ODISHA,EAST ZONE,ADLA88,,,,ADLA16,,ADLA02
018,ADONIS LABORATORIES PVT.LTD.,CUTTACK,C0421,JANASAKTI AGENCIES,S0032,BERHAMPUR,BERHAMPUR,ODISHA,EAST ZONE,ADLA88,,,,ADLA16,,ADLA02
018,ADONIS LABORATORIES PVT.LTD.,CUTTACK,C1074,J.N.R.PHARMACEUTICALS,S0032,BERHAMPUR,BERHAMPUR,ODISHA,EAST ZONE,ADLA88,,,,ADLA16,,ADLA02
018,ADONIS LABORATORIES PVT.LTD.,CUTTACK,C1113,"SUBHAM AGENCY,BERHAMPUR",S0032,BERHAMPUR,BERHAMPUR,ODISHA,EAST ZONE,ADLA88,,,,ADLA16,,ADLA02
018,ADONIS LABORATORIES PVT.LTD.,CUTTACK,C0105,SRIRAM PHARMACEUTICAL DISTRIBUTORS,S0033,BHADRAK,BHADRAK,ODISHA,EAST ZONE,,,,,ADLA16,,ADLA02
018,ADONIS LABORATORIES PVT.LTD.,CUTTACK,C0532,SATYAM HEALTH CARE,S0033,BHADRAK,BHADRAK,ODISHA,EAST ZONE,,,,,ADLA16,,ADLA02
018,ADONIS LABORATORIES PVT.LTD.,CUTTACK,C0567,NIRUPAMA PHARMACEUTICALS,S0033,BHADRAK,BHADRAK,ODISHA,EAST ZONE,,,,,ADLA16,,ADLA02
018,ADONIS LABORATORIES PVT.LTD.,CUTTACK,C0618,DURGA MEDICINE DISTRIBUTORS,S0033,BHADRAK,BHADRAK,ODISHA,EAST ZONE,,,,,ADLA16,,ADLA02
018,ADONIS LABORATORIES PVT.LTD.,CUTTACK,C1016,OMM SAI AGENCY,S0033,BHADRAK,BHADRAK,ODISHA,EAST ZONE,,,,,ADLA16,,ADLA02
018,ADONIS LABORATORIES PVT.LTD.,CUTTACK,C0089,NARAYAN PHARMACEUTICALS,S0036,BHUBANESHWAR,BHUBANESHWAR,ODISHA,EAST ZONE,,,,,ADLA16,,ADLA02
018,ADONIS LABORATORIES PVT.LTD.,CUTTACK,C0094,SUBHASH PHARMACEUTICALS,S0036,BHUBANESHWAR,BHUBANESHWAR,ODISHA,EAST ZONE,,,,,ADLA16,,ADLA02
018,ADONIS LABORATORIES PVT.LTD.,CUTTACK,C0633,NARAYANI PHARMA,S0036,BHUBANESHWAR,BHUBANESHWAR,ODISHA,EAST ZONE,,,,,ADLA16,,ADLA02
018,ADONIS LABORATORIES PVT.LTD.,CUTTACK,C0857,RAJEEV AGENCIES,S0036,BHUBANESHWAR,BHUBANESHWAR,ODISHA,EAST ZONE,,,,,ADLA16,,ADLA02
018,ADONIS LABORATORIES PVT.LTD.,CUTTACK,C0938,SUBHADRA AGENCIES,S0036,BHUBANESHWAR,BHUBANESHWAR,ODISHA,EAST ZONE,,,,,ADLA16,,ADLA02
018,ADONIS LABORATORIES PVT.LTD.,CUTTACK,C1062,DIVYANKA PHARMA,S0036,BHUBANESHWAR,BHUBANESHWAR,ODISHA,EAST ZONE,,,,,ADLA16,,ADLA02
018,ADONIS LABORATORIES PVT.LTD.,CUTTACK,C1084,DHANWANTARI PHARMACEUTICALS,S0036,BHUBANESHWAR,BHUBANESHWAR,ODISHA,EAST ZONE,,,,,ADLA16,,ADLA02
018,ADONIS LABORATORIES PVT.LTD.,CUTTACK,C0912,GLOBAL PHARMACEUTICALS,S0040,BOLANGIR,BOLANGIR,ODISHA,EAST ZONE,,,,,ADLA16,,ADLA02
018,ADONIS LABORATORIES PVT.LTD.,CUTTACK,C0086,JASHO PHARMACEUTICALS,S0057,CUTTACK,CUTTACK,ODISHA,EAST ZONE,ADLA89,,,,ADLA16,,ADLA02
018,ADONIS LABORATORIES PVT.LTD.,CUTTACK,C0738,P D DISTRIBUTORS,S0057,CUTTACK,CUTTACK,ODISHA,EAST ZONE,ADLA89,,,,ADLA16,,ADLA02
018,ADONIS LABORATORIES PVT.LTD.,CUTTACK,C1025,MEDICINES,S0057,CUTTACK,CUTTACK,ODISHA,EAST ZONE,ADLA89,,,,ADLA16,,ADLA02
018,ADONIS LABORATORIES PVT.LTD.,CUTTACK,C1085,SANGITA ENTERPRISERS,S0057,CUTTACK,CUTTACK,ODISHA,EAST ZONE,ADLA89,,,,ADLA16,,ADLA02
018,ADONIS LABORATORIES PVT.LTD.,CUTTACK,C1107,MR. PUHAN,S0057,CUTTACK,CUTTACK,ODISHA,EAST ZONE,ADLA89,,,,ADLA16,,ADLA02
018,ADONIS LABORATORIES PVT.LTD.,CUTTACK,C1112,MAHIMA MEDICAL AGENCIES (N),S0066,DHENKANAL,DHENKANAL,ODISHA,EAST ZONE,ADORBE3,,,,ADLA16,,ADLA02
018,ADONIS LABORATORIES PVT.LTD.,CUTTACK,C0091,SKY LAB PHARMACEUTICALS,S0103,JAJPUR,JAJPUR,ODISHA,EAST ZONE,ADLA91,,,ADORASM1,ADLA16,,ADLA02
018,ADONIS LABORATORIES PVT.LTD.,CUTTACK,C0109,JAY JAGANNATH PHARMACEUTICALS,S0103,JAJPUR,JAJPUR,ODISHA,EAST ZONE,ADLA91,,,ADORASM1,ADLA16,,ADLA02
018,ADONIS LABORATORIES PVT.LTD.,CUTTACK,C0430,PANDA ASSOCIATES,S0103,JAJPUR,JAJPUR,ODISHA,EAST ZONE,ADLA91,,,ADORASM1,ADLA16,,ADLA02
018,ADONIS LABORATORIES PVT.LTD.,CUTTACK,C0906,BABA ASTASAMBHU DRUGS,S0103,JAJPUR,JAJPUR,ODISHA,EAST ZONE,ADLA91,,,ADORASM1,ADLA16,,ADLA02
018,ADONIS LABORATORIES PVT.LTD.,CUTTACK,C1109,NILAKANTHA AUSADHALAYA,S0120,KENDRAPARA,KENDRAPARA,ODISHA,EAST ZONE,ADORBE4,,,,ADLA16,,ADLA02
018,ADONIS LABORATORIES PVT.LTD.,CUTTACK,C0771,BHUBANESWARI ENTERPRISES,S0179,ROURKELA,ROURKELA,ODISHA,EAST ZONE,,,,,ADLA16,,ADLA02
018,ADONIS LABORATORIES PVT.LTD.,CUTTACK,C0082,BEHERA MEDICAL HALL,S0183,SAMBALPUR,SAMBALPUR,ODISHA,EAST ZONE,,,,,ADLA16,,ADLA02
018,ADONIS LABORATORIES PVT.LTD.,CUTTACK,C0081,BAJORIA ENTERPRISES,S0244,CUTTACK POOL,CUTTACK,ODISHA,EAST ZONE,ADLA89,,,,ADLA16,,ADLA02
018,ADONIS LABORATORIES PVT.LTD.,CUTTACK,C0087,MAA KALI PHARMACEUTICALS,S0244,CUTTACK POOL,CUTTACK,ODISHA,EAST ZONE,ADLA89,,,,ADLA16,,ADLA02
018,ADONIS LABORATORIES PVT.LTD.,CUTTACK,C0878,SUBHAM AGENCY,S0244,CUTTACK POOL,CUTTACK,ODISHA,EAST ZONE,ADLA89,,,,ADLA16,,ADLA02
018,ADONIS LABORATORIES PVT.LTD.,CUTTACK,C0807,TRIMURTY AGENCIES,S0319,KEONJHAR,KEONJHAR,ODISHA,EAST ZONE,ADORBE5,,,ADORASM1,ADLA16,,ADLA02
018,ADONIS LABORATORIES PVT.LTD.,CUTTACK,C1111,SAI LAXMI PHARMACEUTICALS,S0319,KEONJHAR,KEONJHAR,ODISHA,EAST ZONE,ADORBE5,,,,ADLA16,,ADLA02
018,ADONIS LABORATORIES PVT.LTD.,CUTTACK,C1114,SUDHANANDA PHARMACEUTICALS,S0382,PURI,PURI,ODISHA,EAST ZONE,ADORBE2,,,,ADLA16,,ADLA02
019,ADONIS LABORATORIES PVT. LTD.,JAIPUR,C0917,LAXMI MEDICAL AGENCIES,S0005,ALWAR,ALWAR,RAJASTHAN,NORTH ZONE,,,,,,,ADLA02
019,ADONIS LABORATORIES PVT. LTD.,JAIPUR,C0226,ARYA DRUG AGENCIES,S0035,BHARATPUR,BHARATPUR,RAJASTHAN,NORTH ZONE,ADLA144,,,,,,ADLA02
019,ADONIS LABORATORIES PVT. LTD.,JAIPUR,C0229,BATRA DRUG AGENCIES,S0035,BHARATPUR,BHARATPUR,RAJASTHAN,NORTH ZONE,ADLA144,,,,,,ADLA02
019,ADONIS LABORATORIES PVT. LTD.,JAIPUR,C0243,VEENUS PHARMA,S0035,BHARATPUR,BHARATPUR,RAJASTHAN,NORTH ZONE,ADLA144,,,,,,ADLA02
019,ADONIS LABORATORIES PVT. LTD.,JAIPUR,C0241,SHREE SHYAM MEDICAL AGENCY,S0059,DAUSA,DAUSA,RAJASTHAN,NORTH ZONE,,,,,,,ADLA02
019,ADONIS LABORATORIES PVT. LTD.,JAIPUR,C0231,INDRA DRUG HOUSE,S0067,DHOLPUR,DHOLPUR,RAJASTHAN,NORTH ZONE,,,,,,,ADLA02
019,ADONIS LABORATORIES PVT. LTD.,JAIPUR,C0813,SAGAR DRUG HOUSE,S0067,DHOLPUR,DHOLPUR,RAJASTHAN,NORTH ZONE,,,,,,,ADLA02
019,ADONIS LABORATORIES PVT. LTD.,JAIPUR,C0232,KHANDELWAL MEDICAL STORE,S0078,GANGAPURCITY,GANGAPURCITY,RAJASTHAN,NORTH ZONE,ADLA146,,,,,,ADLA02
019,ADONIS LABORATORIES PVT. LTD.,JAIPUR,C0233,KHATRI MEDICAL STORE,S0078,GANGAPURCITY,GANGAPURCITY,RAJASTHAN,NORTH ZONE,ADLA146,,,,,,ADLA02
019,ADONIS LABORATORIES PVT. LTD.,JAIPUR,C0234,LAXMI MED HALL,S0078,GANGAPURCITY,GANGAPURCITY,RAJASTHAN,NORTH ZONE,ADLA146,,,,,,ADLA02
019,ADONIS LABORATORIES PVT. LTD.,JAIPUR,C0882,NARBADA ENTERPRISES,S0102,JAIPUR,JAIPUR,RAJASTHAN,NORTH ZONE,,,,,,,ADLA02
019,ADONIS LABORATORIES PVT. LTD.,JAIPUR,C0949,PATNI MEDICAL AGENCY,S0102,JAIPUR,JAIPUR,RAJASTHAN,NORTH ZONE,,,,,,,ADLA02
019,ADONIS LABORATORIES PVT. LTD.,JAIPUR,C1093,MRS. LATA BHARTI,S0102,JAIPUR,JAIPUR,RAJASTHAN,NORTH ZONE,,,,,,,ADLA02
019,ADONIS LABORATORIES PVT. LTD.,JAIPUR,C0876,MOHAVI HEALTHCARE,S0109,JODHPUR,JODHPUR,RAJASTHAN,NORTH ZONE,,,,,,,ADLA02
019,ADONIS LABORATORIES PVT. LTD.,JAIPUR,C0227,ASHISH MEDICALS,S0128,KOTA,KOTA,RAJASTHAN,NORTH ZONE,ADLA145,,,,,,ADLA02
019,ADONIS LABORATORIES PVT. LTD.,JAIPUR,C0236,MEENAL DRUG AGENCIES,S0128,KOTA,KOTA,RAJASTHAN,NORTH ZONE,ADLA145,,,,,,ADLA02
019,ADONIS LABORATORIES PVT. LTD.,JAIPUR,C0237,MODERN PHARMA DISTRIBUTORS,S0128,KOTA,KOTA,RAJASTHAN,NORTH ZONE,ADLA145,,,,,,ADLA02
019,ADONIS LABORATORIES PVT. LTD.,JAIPUR,C0245,VIJAY PHARMA DISTRIBUTORS,S0128,KOTA,KOTA,RAJASTHAN,NORTH ZONE,ADLA145,,,,,,ADLA02
019,ADONIS LABORATORIES PVT. LTD.,JAIPUR,C0845,AGRAWAL MEDICAL AGENCY,S0128,KOTA,KOTA,RAJASTHAN,NORTH ZONE,ADLA145,,,,,,ADLA02
019,ADONIS LABORATORIES PVT. LTD.,JAIPUR,C0225,ARORA MED. AGENCIES,S0194,SRIGANGANAGAR,SRIGANGANAGAR,RAJASTHAN,NORTH ZONE,,,,,,,ADLA02
019,ADONIS LABORATORIES PVT. LTD.,JAIPUR,C0946,KAMAL AGENCIES,S0206,UDAIPUR,UDAIPUR,RAJASTHAN,NORTH ZONE,,,,,,,ADLA02
019,ADONIS LABORATORIES PVT. LTD.,JAIPUR,C0224,ALOK MEDICAL AGENCIES,S0274,JAIPUR,JAIPUR,RAJASTHAN,NORTH ZONE,,,,,,,ADLA02
019,ADONIS LABORATORIES PVT. LTD.,JAIPUR,C0246,VIKAS PHARMA DISTRIBUTORS,S0274,JAIPUR,JAIPUR,RAJASTHAN,NORTH ZONE,,,,,,,ADLA02
019,ADONIS LABORATORIES PVT. LTD.,JAIPUR,C0945,SHREE SHYAM MEDICAL & GENERAL STORE,S0300,TONK,TONK,RAJASTHAN,NORTH ZONE,,,,,,,ADLA02
019,ADONIS LABORATORIES PVT. LTD.,JAIPUR,C1028,CUREWELL MEDICAL AGENCIES,S0300,TONK,TONK,RAJASTHAN,NORTH ZONE,,,,,,,ADLA02
019,ADONIS LABORATORIES PVT. LTD.,JAIPUR,C0792,KANSAL DRUG STORE,S0307,SAWAI MADHOPUR,SAWAI MADHOPUR,RAJASTHAN,NORTH ZONE,,,,,,,ADLA02
019,ADONIS LABORATORIES PVT. LTD.,JAIPUR,C0916,BANSAL MEDICAL AGENCIES,S0347,SIKAR,SIKAR,RAJASTHAN,NORTH ZONE,,,,,,,ADLA02
019,ADONIS LABORATORIES PVT. LTD.,JAIPUR,C0923,EKTA MEDICAL AGENCIES,S0348,AJMER,AJMER,RAJASTHAN,NORTH ZONE,,,,,,,ADLA02
021,ADONIS LABORATORIES PVT.LTD.,GUWAHATI,603,TIMOTHY MEDICAL STORE,S0002,AIZWAL,AIZWAL,MIZORAM,EAST ZONE,ADLA50,,,,ADLA06,,ADLA02
021,ADONIS LABORATORIES PVT.LTD.,GUWAHATI,605,S.L.SAILO PHARMACY,S0002,AIZWAL,AIZWAL,MIZORAM,EAST ZONE,ADLA50,,,,ADLA06,,ADLA02
021,ADONIS LABORATORIES PVT.LTD.,GUWAHATI,606,T.S.DRUG CENTRE,S0002,AIZWAL,AIZWAL,MIZORAM,EAST ZONE,ADLA50,,,,ADLA06,,ADLA02
021,ADONIS LABORATORIES PVT.LTD.,GUWAHATI,607,LIFE DRUG CENTRE,S0002,AIZWAL,AIZWAL,MIZORAM,EAST ZONE,ADLA50,,,,ADLA06,,ADLA02
021,ADONIS LABORATORIES PVT.LTD.,GUWAHATI,608,AME PHARMACEUTICALS,S0002,AIZWAL,AIZWAL,MIZORAM,EAST ZONE,ADLA50,,,,ADLA06,,ADLA02
021,ADONIS LABORATORIES PVT.LTD.,GUWAHATI,617,MIZORAM DRUG CENTRE,S0002,AIZWAL,AIZWAL,MIZORAM,EAST ZONE,ADLA50,,,,ADLA06,,ADLA02
021,ADONIS LABORATORIES PVT.LTD.,GUWAHATI,619,MALAWM PHARMACY,S0002,AIZWAL,AIZWAL,MIZORAM,EAST ZONE,ADLA50,,,,ADLA06,,ADLA02
021,ADONIS LABORATORIES PVT.LTD.,GUWAHATI,625,HILLS MEDICAL STORES,S0002,AIZWAL,AIZWAL,MIZORAM,EAST ZONE,ADLA50,,,,ADLA06,,ADLA02
021,ADONIS LABORATORIES PVT.LTD.,GUWAHATI,C0115,ASSAM TRADERS,S0028,BARPETA,BARPETA,ASSAM,EAST ZONE,,,,,ADLA03,,ADLA02
021,ADONIS LABORATORIES PVT.LTD.,GUWAHATI,C0151,NEW ASSAM TRADERS,S0028,BARPETA,BARPETA,ASSAM,EAST ZONE,,,,,ADLA03,,ADLA02
021,ADONIS LABORATORIES PVT.LTD.,GUWAHATI,C0835,A. G. DRUG AGENCY,S0028,BARPETA,BARPETA,ASSAM,EAST ZONE,,,,,ADLA03,,ADLA02
021,ADONIS LABORATORIES PVT.LTD.,GUWAHATI,C0890,BISHAL DRUG DISTRIBUTORS,S0028,BARPETA,BARPETA,ASSAM,EAST ZONE,,,,,ADLA03,,ADLA02
021,ADONIS LABORATORIES PVT.LTD.,GUWAHATI,C0106,BINAPANI DRUGS,S0042,BONGAIGAON,BONGAIGAON,ASSAM,EAST ZONE,ADLA36,,,,ADLA03,,ADLA02
021,ADONIS LABORATORIES PVT.LTD.,GUWAHATI,C0140,KOKRAJHAR DISTRIBUTORS,S0042,BONGAIGAON,BONGAIGAON,ASSAM,EAST ZONE,ADLA36,,,,ADLA03,,ADLA02
021,ADONIS LABORATORIES PVT.LTD.,GUWAHATI,C0555,LUCKY DRUG DISTRIBUTOR,S0042,BONGAIGAON,BONGAIGAON,ASSAM,EAST ZONE,ADLA36,,,,ADLA03,,ADLA02
021,ADONIS LABORATORIES PVT.LTD.,GUWAHATI,C0604,KANCHAN DRUG DISTRIBUTORS,S0042,BONGAIGAON,BONGAIGAON,ASSAM,EAST ZONE,ADLA36,,,,ADLA03,,ADLA02
021,ADONIS LABORATORIES PVT.LTD.,GUWAHATI,C0815,NEW VIVEKA NANDA DRUGS HOUSE,S0042,BONGAIGAON,BONGAIGAON,ASSAM,EAST ZONE,ADLA36,,,,ADLA03,,ADLA02
021,ADONIS LABORATORIES PVT.LTD.,GUWAHATI,616,NABIN DRUG CENTRE,S0064,DHARMANAGAR,DHARMANAGAR,TRIPURA,EAST ZONE,ADLA54,,,ADLA08,ADLA06,,ADLA02
021,ADONIS LABORATORIES PVT.LTD.,GUWAHATI,C1117,RIDDHI DRUG DISTRIBUTOR,S0064,DHARMANAGAR,DHARMANAGAR,TRIPURA,EAST ZONE,ADLA54,,,ADLA08,ADLA06,,ADLA02
021,ADONIS LABORATORIES PVT.LTD.,GUWAHATI,C0153,PABITRA TRADING & AGENCIES,S0068,DHUBRI,DHUBRI,ASSAM,EAST ZONE,ADLA38,,,,ADLA03,,ADLA02
021,ADONIS LABORATORIES PVT.LTD.,GUWAHATI,C0516,DURGA PHARMACEUTICALS,S0068,DHUBRI,DHUBRI,ASSAM,EAST ZONE,ADLA38,,,,ADLA03,,ADLA02
021,ADONIS LABORATORIES PVT.LTD.,GUWAHATI,C0556,MOON DRUG DISTRIBUTOR,S0068,DHUBRI,DHUBRI,ASSAM,EAST ZONE,ADLA38,,,,ADLA03,,ADLA02
021,ADONIS LABORATORIES PVT.LTD.,GUWAHATI,C0655,JOYA DRUG DISTRIBUTOR,S0068,DHUBRI,DHUBRI,ASSAM,EAST ZONE,ADLA38,,,,ADLA03,,ADLA02
021,ADONIS LABORATORIES PVT.LTD.,GUWAHATI,C0765,ANIS DRUG DISTRIBUTOR,S0068,DHUBRI,DHUBRI,ASSAM,EAST ZONE,ADLA38,,,,ADLA03,,ADLA02
021,ADONIS LABORATORIES PVT.LTD.,GUWAHATI,C0930,MITRA DRUGS,S0068,DHUBRI,DHUBRI,ASSAM,EAST ZONE,ADLA38,,,,ADLA03,,ADLA02
021,ADONIS LABORATORIES PVT.LTD.,GUWAHATI,C0997,ANCHAL ENTERPRISES,S0068,DHUBRI,DHUBRI,ASSAM,EAST ZONE,ADLA38,,,,ADLA03,,ADLA02
021,ADONIS LABORATORIES PVT.LTD.,GUWAHATI,C0166,SHREE BHAIRU TRADING & CO.,S0070,DIBRUGARH,DIBRUGARH,ASSAM,EAST ZONE,ADLA41,,,,ADLA05,,ADLA02
021,ADONIS LABORATORIES PVT.LTD.,GUWAHATI,C0172,TRADE LAND,S0070,DIBRUGARH,DIBRUGARH,ASSAM,EAST ZONE,ADLA41,,,,ADLA05,,ADLA02
021,ADONIS LABORATORIES PVT.LTD.,GUWAHATI,C0179,MAA KAMAKHYA PHARMACEUTICALS,S0070,DIBRUGARH,DIBRUGARH,ASSAM,EAST ZONE,ADLA41,,,,ADLA05,,ADLA02
021,ADONIS LABORATORIES PVT.LTD.,GUWAHATI,C0513,D.K.DRUG DISTRIBUTOR,S0070,DIBRUGARH,DIBRUGARH,ASSAM,EAST ZONE,ADLA41,,,,ADLA05,,ADLA02
021,ADONIS LABORATORIES PVT.LTD.,GUWAHATI,C0609,KHATU PHARMACEUTICALS,S0070,DIBRUGARH,DIBRUGARH,ASSAM,EAST ZONE,ADLA41,,,,ADLA05,,ADLA02
021,ADONIS LABORATORIES PVT.LTD.,GUWAHATI,C0158,QUALITY MEDICINES,S0071,DIMAPUR,DIMAPUR,NAGALAND,EAST ZONE,,,,,ADLA03,,ADLA02
021,ADONIS LABORATORIES PVT.LTD.,GUWAHATI,C0933,S R ENTERPRISES,S0071,DIMAPUR,DIMAPUR,NAGALAND,EAST ZONE,,,,,ADLA03,,ADLA02
021,ADONIS LABORATORIES PVT.LTD.,GUWAHATI,612,GOODWILL PHARMA,S0098,IMPHAL,IMPHAL,MANIPUR,EAST ZONE,ADLA55,,,ADLA08,ADLA06,,ADLA02
021,ADONIS LABORATORIES PVT.LTD.,GUWAHATI,628,RANA MEDICOS,S0098,IMPHAL,IMPHAL,MANIPUR,EAST ZONE,ADLA55,,,ADLA08,ADLA06,,ADLA02
021,ADONIS LABORATORIES PVT.LTD.,GUWAHATI,635,NAVYUG AGENCIES,S0098,IMPHAL,IMPHAL,MANIPUR,EAST ZONE,ADLA55,,,ADLA08,ADLA06,,ADLA02
021,ADONIS LABORATORIES PVT.LTD.,GUWAHATI,C0931,A G MEDICOS,S0098,IMPHAL,IMPHAL,MANIPUR,EAST ZONE,ADLA55,,,ADLA08,ADLA06,,ADLA02
021,ADONIS LABORATORIES PVT.LTD.,GUWAHATI,C0177,INDIAN PHARMA SURGICOS,S0110,JORHAT,JORHAT,ASSAM,EAST ZONE,ADLA40,,,,ADLA03,,ADLA02
021,ADONIS LABORATORIES PVT.LTD.,GUWAHATI,C1014,AGARWALLA PHARMACEUTICALS,S0110,JORHAT,JORHAT,ASSAM,EAST ZONE,ADLA40,,,,ADLA03,,ADLA02
021,ADONIS LABORATORIES PVT.LTD.,GUWAHATI,C1029,C N S DRUGS AND DISTRIBUTORS,S0110,JORHAT,JORHAT,ASSAM,EAST ZONE,ADLA40,,,,ADLA03,,ADLA02
021,ADONIS LABORATORIES PVT.LTD.,GUWAHATI,C1086,INDO PHARMA SURGICO,S0110,JORHAT,JORHAT,ASSAM,EAST ZONE,ADLA40,,,,ADLA03,,ADLA02
021,ADONIS LABORATORIES PVT.LTD.,GUWAHATI,C1092,SATYANARAYAN DRUG AGENCY,S0110,JORHAT,JORHAT,ASSAM,EAST ZONE,ADLA40,,,,ADLA03,,ADLA02
021,ADONIS LABORATORIES PVT.LTD.,GUWAHATI,C0125,DRUGS DEAL,S0117,KARIMGANJ,KARIMGANJ,ASSAM,EAST ZONE,ADLA48,ADLA51,ADLA49,,ADLA06,,ADLA02
021,ADONIS LABORATORIES PVT.LTD.,GUWAHATI,C0607,RUPAM DRUG DISTRIBUTOR,S0117,KARIMGANJ,KARIMGANJ,ASSAM,EAST ZONE,ADLA48,ADLA51,ADLA49,,ADLA06,,ADLA02
021,ADONIS LABORATORIES PVT.LTD.,GUWAHATI,C0994,ALPANA DRUG DISTRIBUTORS,S0117,KARIMGANJ,KARIMGANJ,ASSAM,EAST ZONE,ADLA48,ADLA51,ADLA49,,ADLA06,,ADLA02
021,ADONIS LABORATORIES PVT.LTD.,GUWAHATI,609,TAKU ENTERPRISES,S0154,NORTH LAKHIMPUR,NORTH LAKHIMPUR,ASSAM,EAST ZONE,ADLA46,,,,ADLA05,,ADLA02
021,ADONIS LABORATORIES PVT.LTD.,GUWAHATI,C0124,DAS PHARMACEUTICALS AGENCY,S0154,NORTH LAKHIMPUR,NORTH LAKHIMPUR,ASSAM,EAST ZONE,ADLA46,,,,ADLA05,,ADLA02
021,ADONIS LABORATORIES PVT.LTD.,GUWAHATI,C0128,G.P.DRUG DISTRIBUTORS,S0154,NORTH LAKHIMPUR,NORTH LAKHIMPUR,ASSAM,EAST ZONE,ADLA46,,,,ADLA05,,ADLA02
021,ADONIS LABORATORIES PVT.LTD.,GUWAHATI,C0569,MENIKA DRUGS,S0154,NORTH LAKHIMPUR,NORTH LAKHIMPUR,ASSAM,EAST ZONE,ADLA46,,,,ADLA05,,ADLA02
021,ADONIS LABORATORIES PVT.LTD.,GUWAHATI,C0674,D.N.DRUG DISTRIBUTORS,S0154,NORTH LAKHIMPUR,NORTH LAKHIMPUR,ASSAM,EAST ZONE,ADLA46,,,,ADLA05,,ADLA02
021,ADONIS LABORATORIES PVT.LTD.,GUWAHATI,C0908,M B PHARMA,S0154,NORTH LAKHIMPUR,NORTH LAKHIMPUR,ASSAM,EAST ZONE,ADLA46,,,,ADLA05,,ADLA02
021,ADONIS LABORATORIES PVT.LTD.,GUWAHATI,C0119,BIDYAMAYEE DRUG DISTRIBUTORS,S0155,NAGAON,NAGAON,ASSAM,EAST ZONE,ADLA45,,,,ADLA05,,ADLA02
021,ADONIS LABORATORIES PVT.LTD.,GUWAHATI,C0164,SHIVA DRUG AGENCY,S0155,NAGAON,NAGAON,ASSAM,EAST ZONE,ADLA45,,,,ADLA05,,ADLA02
021,ADONIS LABORATORIES PVT.LTD.,GUWAHATI,C0537,PALLABI DRUG DISTRIBUTORS,S0155,NAGAON,NAGAON,ASSAM,EAST ZONE,ADLA45,,,,ADLA05,,ADLA02
021,ADONIS LABORATORIES PVT.LTD.,GUWAHATI,C0645,GREEN VALLY DRUG DISTRIBUTOR,S0155,NAGAON,NAGAON,ASSAM,EAST ZONE,ADLA45,,,,ADLA05,,ADLA02
021,ADONIS LABORATORIES PVT.LTD.,GUWAHATI,C0834,S S PHARMACEUTICALS,S0155,NAGAON,NAGAON,ASSAM,EAST ZONE,ADLA45,,,,ADLA05,,ADLA02
021,ADONIS LABORATORIES PVT.LTD.,GUWAHATI,C1051,SANJUKTA ENTERPRISE,S0155,NAGAON,NAGAON,ASSAM,EAST ZONE,ADLA45,,,,ADLA05,,ADLA02
021,ADONIS LABORATORIES PVT.LTD.,GUWAHATI,614,ELITE DRUG DISTRIBUTORS,S0186,SHILLONG,SHILLONG,MEGHALAYA,EAST ZONE,ADLA35,,,,ADLA03,,ADLA02
021,ADONIS LABORATORIES PVT.LTD.,GUWAHATI,615,PHAWA MEDICINE,S0186,SHILLONG,SHILLONG,MEGHALAYA,EAST ZONE,ADLA35,,,,ADLA03,,ADLA02
021,ADONIS LABORATORIES PVT.LTD.,GUWAHATI,638,T.K.PHARMACEUTICAL,S0186,SHILLONG,SHILLONG,MEGHALAYA,EAST ZONE,ADLA35,,,,ADLA03,,ADLA02
021,ADONIS LABORATORIES PVT.LTD.,GUWAHATI,643,JES PHARMACEUTICALS,S0186,SHILLONG,SHILLONG,MEGHALAYA,EAST ZONE,ADLA35,,,,ADLA03,,ADLA02
021,ADONIS LABORATORIES PVT.LTD.,GUWAHATI,C1061,ELITE DRUGS DISTRIBUTOR,S0186,SHILLONG,SHILLONG,MEGHALAYA,EAST ZONE,ADLA35,,,,ADLA03,,ADLA02
021,ADONIS LABORATORIES PVT.LTD.,GUWAHATI,C0139,KAY DEE DRUGS,S0188,SIBSAGAR,SIBSAGAR,ASSAM,EAST ZONE,ADLA42,,,,ADLA05,,ADLA02
021,ADONIS LABORATORIES PVT.LTD.,GUWAHATI,C0178,M.S.DRUG DISTRIBUTORS,S0188,SIBSAGAR,SIBSAGAR,ASSAM,EAST ZONE,ADLA42,,,,ADLA05,,ADLA02
021,ADONIS LABORATORIES PVT.LTD.,GUWAHATI,C0676,MAA DRUG DISTRIBUTORS,S0188,SIBSAGAR,SIBSAGAR,ASSAM,EAST ZONE,ADLA42,,,,ADLA05,,ADLA02
021,ADONIS LABORATORIES PVT.LTD.,GUWAHATI,C0173,WELMED,S0190,SILAPATHAR,SILAPATHAR,ASSAM,EAST ZONE,ADLA47,,,,ADLA05,,ADLA02
021,ADONIS LABORATORIES PVT.LTD.,GUWAHATI,C0531,RISHITA MEDICOS,S0190,SILAPATHAR,SILAPATHAR,ASSAM,EAST ZONE,ADLA47,,,,ADLA05,,ADLA02
021,ADONIS LABORATORIES PVT.LTD.,GUWAHATI,C0901,DIYA PHARMACEUTICALS,S0190,SILAPATHAR,SILAPATHAR,ASSAM,EAST ZONE,ADLA47,,,,ADLA05,,ADLA02
021,ADONIS LABORATORIES PVT.LTD.,GUWAHATI,C0116,BERLIA PHARMACEUTICALS,S0203,TINSUKIA,TINSUKIA,ASSAM,EAST ZONE,ADLA43,,,,ADLA05,,ADLA02
021,ADONIS LABORATORIES PVT.LTD.,GUWAHATI,C0123,DAS PHARMA,S0203,TINSUKIA,TINSUKIA,ASSAM,EAST ZONE,ADLA43,,,,ADLA05,,ADLA02
021,ADONIS LABORATORIES PVT.LTD.,GUWAHATI,C0160,R.S.PHARMACEUTICALS,S0203,TINSUKIA,TINSUKIA,ASSAM,EAST ZONE,ADLA43,,,,ADLA05,,ADLA02
021,ADONIS LABORATORIES PVT.LTD.,GUWAHATI,C0515,DR.ABID HUSSAIN,S0203,TINSUKIA,TINSUKIA,ASSAM,EAST ZONE,ADLA43,,,,ADLA05,,ADLA02
021,ADONIS LABORATORIES PVT.LTD.,GUWAHATI,C0517,SANJEEV DRUG DISTRIBUTORS,S0203,TINSUKIA,TINSUKIA,ASSAM,EAST ZONE,ADLA43,,,,ADLA05,,ADLA02
021,ADONIS LABORATORIES PVT.LTD.,GUWAHATI,C0671,MAA DRUG & SURGICALS,S0203,TINSUKIA,TINSUKIA,ASSAM,EAST ZONE,ADLA43,,,,ADLA05,,ADLA02
021,ADONIS LABORATORIES PVT.LTD.,GUWAHATI,C0117,BHADRA PHARMACEUTICALS,S0223,TEZPUR,TEZPUR,ASSAM,EAST ZONE,ADLA44,,,,ADLA05,,ADLA02
021,ADONIS LABORATORIES PVT.LTD.,GUWAHATI,C0435,S.K. AGENCY,S0223,TEZPUR,TEZPUR,ASSAM,EAST ZONE,ADLA44,,,,ADLA05,,ADLA02
021,ADONIS LABORATORIES PVT.LTD.,GUWAHATI,C0900,REBA PHARMACEUTICALS,S0223,TEZPUR,TEZPUR,ASSAM,EAST ZONE,ADLA44,,,,ADLA05,,ADLA02
021,ADONIS LABORATORIES PVT.LTD.,GUWAHATI,C0118,BHARAT PHARMA,S0241,GUWAHATI POOL,GUWAHATI,ASSAM,EAST ZONE,ADLA33,,,,ADLA03,,ADLA02
021,ADONIS LABORATORIES PVT.LTD.,GUWAHATI,C0121,BRAHMAPUTRA DRUGS DIST.,S0241,GUWAHATI POOL,GUWAHATI,ASSAM,EAST ZONE,ADLA33,,,,ADLA03,,ADLA02
021,ADONIS LABORATORIES PVT.LTD.,GUWAHATI,C0144,LOHIA PHARMACEUTICALS,S0241,GUWAHATI POOL,GUWAHATI,ASSAM,EAST ZONE,ADLA33,,,,ADLA03,,ADLA02
021,ADONIS LABORATORIES PVT.LTD.,GUWAHATI,C0491,SANJIVANI PHARMA,S0241,GUWAHATI POOL,GUWAHATI,ASSAM,EAST ZONE,ADLA33,,,,ADLA03,,ADLA02
021,ADONIS LABORATORIES PVT.LTD.,GUWAHATI,C0602,NIHAL PHARMACEUTICALS,S0241,GUWAHATI POOL,GUWAHATI,ASSAM,EAST ZONE,ADLA33,,,,ADLA03,,ADLA02
021,ADONIS LABORATORIES PVT.LTD.,GUWAHATI,C0636,HANUMAN DRUGS DISTRIBUTOR,S0241,GUWAHATI POOL,GUWAHATI,ASSAM,EAST ZONE,ADLA33,,,,ADLA03,,ADLA02
021,ADONIS LABORATORIES PVT.LTD.,GUWAHATI,C0924,TRISHMAY PHARMACEUTICALS,S0241,GUWAHATI POOL,GUWAHATI,ASSAM,EAST ZONE,ADLA33,,,,ADLA03,,ADLA02
021,ADONIS LABORATORIES PVT.LTD.,GUWAHATI,C1076,JEMMY PHARMACEUTICALS,S0241,GUWAHATI POOL,GUWAHATI,ASSAM,EAST ZONE,ADLA33,,,,ADLA03,,ADLA02
021,ADONIS LABORATORIES PVT.LTD.,GUWAHATI,C0130,GHOSH ENTERPRISE,S0242,SILCHAR,SILCHAR,ASSAM,EAST ZONE,ADLA48,ADLA51,ADLA49,,ADLA06,,ADLA02
021,ADONIS LABORATORIES PVT.LTD.,GUWAHATI,C0138,JUNAKI PHARMACEUTICALS,S0242,SILCHAR,SILCHAR,ASSAM,EAST ZONE,ADLA48,ADLA51,ADLA49,,ADLA06,,ADLA02
021,ADONIS LABORATORIES PVT.LTD.,GUWAHATI,C0154,PARADISE DRUGS DIST.,S0242,SILCHAR,SILCHAR,ASSAM,EAST ZONE,ADLA48,ADLA51,ADLA49,,ADLA06,,ADLA02
021,ADONIS LABORATORIES PVT.LTD.,GUWAHATI,C0171,TIRTHAMOYEE DRUGS,S0242,SILCHAR,SILCHAR,ASSAM,EAST ZONE,ADLA48,ADLA51,ADLA49,,ADLA06,,ADLA02
021,ADONIS LABORATORIES PVT.LTD.,GUWAHATI,C0436,BASANTI DRUGS(INDIA),S0242,SILCHAR,SILCHAR,ASSAM,EAST ZONE,ADLA48,ADLA51,ADLA49,,ADLA06,,ADLA02
021,ADONIS LABORATORIES PVT.LTD.,GUWAHATI,C0502,MALATI DRUG DISTRIBUTORS,S0242,SILCHAR,SILCHAR,ASSAM,EAST ZONE,ADLA48,ADLA51,ADLA49,,ADLA06,,ADLA02
021,ADONIS LABORATORIES PVT.LTD.,GUWAHATI,C0510,SHIBAJI DRUGS,S0242,SILCHAR,SILCHAR,ASSAM,EAST ZONE,ADLA48,ADLA51,ADLA49,,ADLA06,,ADLA02
021,ADONIS LABORATORIES PVT.LTD.,GUWAHATI,C0612,ASHA DRUG HOUSE,S0242,SILCHAR,SILCHAR,ASSAM,EAST ZONE,ADLA48,ADLA51,ADLA49,,ADLA06,,ADLA02
021,ADONIS LABORATORIES PVT.LTD.,GUWAHATI,C0867,REBOTI DRUGS AGENCY,S0291,NALBARI,NALBARI,ASSAM,EAST ZONE,,,,,ADLA03,,ADLA02
021,ADONIS LABORATORIES PVT.LTD.,GUWAHATI,C0996,ARUSH DRUGS & SURGICAL,S0291,NALBARI,NALBARI,ASSAM,EAST ZONE,,,,,ADLA03,,ADLA02
021,ADONIS LABORATORIES PVT.LTD.,GUWAHATI,C1083,BASHABI PHARMACEUTICALS,S0291,NALBARI,NALBARI,ASSAM,EAST ZONE,,,,,ADLA03,,ADLA02
021,ADONIS LABORATORIES PVT.LTD.,GUWAHATI,C0797,S M DRUG DISTRIBUTORS,S0310,MANGALDAI,MANGALDAI,ASSAM,EAST ZONE,,,,,ADLA03,,ADLA02
021,ADONIS LABORATORIES PVT.LTD.,GUWAHATI,601,S.C.SAHA'S& SON,S0335,AGARTALA POOL,AGARTALA POOL,TRIPURA,EAST ZONE,ADLA52,ADLA53,,ADLA08,ADLA06,,ADLA02
021,ADONIS LABORATORIES PVT.LTD.,GUWAHATI,611,ASHARAJ  MEDICO,S0335,AGARTALA POOL,AGARTALA POOL,TRIPURA,EAST ZONE,ADLA52,ADLA53,,ADLA08,ADLA06,,ADLA02
021,ADONIS LABORATORIES PVT.LTD.,GUWAHATI,642,MEDICINE CONCERN,S0335,AGARTALA POOL,AGARTALA POOL,TRIPURA,EAST ZONE,ADLA52,ADLA53,,ADLA08,ADLA06,,ADLA02
021,ADONIS LABORATORIES PVT.LTD.,GUWAHATI,C0847,PRIYA MEDICAL AGENCY,S0335,AGARTALA POOL,AGARTALA POOL,TRIPURA,EAST ZONE,ADLA52,ADLA53,,ADLA08,ADLA06,,ADLA02
021,ADONIS LABORATORIES PVT.LTD.,GUWAHATI,C1046,CHAKRABORTY DRUGS,S0335,AGARTALA POOL,AGARTALA POOL,TRIPURA,EAST ZONE,ADLA52,ADLA53,,ADLA08,ADLA06,,ADLA02
021,ADONIS LABORATORIES PVT.LTD.,GUWAHATI,C0904,NEW J P PHARMA,S0343,GUWAHATI TASK FORCE,GUWAHATI TASK FORCE,ASSAM,EAST ZONE,,,,,ADLA03,,ADLA02
021,ADONIS LABORATORIES PVT.LTD.,GUWAHATI,C0907,S B PHARMACEUTICALS,S0344,TURA TASK FORCE,GUWAHATI TASK FORCE,ASSAM,EAST ZONE,,,,,ADLA03,,ADLA02
021,ADONIS LABORATORIES PVT.LTD.,GUWAHATI,C0909,MEDILAND,S0346,N LAKHIMPUR TASKFORC,NORTH LAKHIMPUR,ASSAM,EAST ZONE,ADLA46,,,,ADLA05,,ADLA02
021,ADONIS LABORATORIES PVT.LTD.,GUWAHATI,C1015,ASSAM DRUG DISTRIBUTER & SURGICAL,S0361,GOALPARA,GOALPARA,ASSAM,EAST ZONE,,,,,ADLA03,,ADLA02
025,ATHARVA AGENCIES,NAGPUR,C0339,GUNWANT PHARMA HOUSE,S0003,AKOLA,AKOLA,MAHARASHTRA,WEST ZONE,,,,,,,ADLA02
025,ATHARVA AGENCIES,NAGPUR,C0340,KIRAN AGENCIES,S0003,AKOLA,AKOLA,MAHARASHTRA,WEST ZONE,,,,,,,ADLA02
025,ATHARVA AGENCIES,NAGPUR,C0350,BALAJI AGENCIES,S0003,AKOLA,AKOLA,MAHARASHTRA,WEST ZONE,,,,,,,ADLA02
025,ATHARVA AGENCIES,NAGPUR,C0343,PRAVIN MEDICAL AGENCIES,S0008,AMRAVATI,AMRAVATI,MAHARASHTRA,WEST ZONE,,,,,,,ADLA02
025,ATHARVA AGENCIES,NAGPUR,C0347,SHREE JHULELAL MEDICALS,S0008,AMRAVATI,AMRAVATI,MAHARASHTRA,WEST ZONE,,,,,,,ADLA02
025,ATHARVA AGENCIES,NAGPUR,C0342,N.K.DISTRIBUTORS,S0034,BHANDARA,BHANDARA,MAHARASHTRA,WEST ZONE,,,,,,,ADLA02
025,ATHARVA AGENCIES,NAGPUR,C0573,VAISHNAVI MEDICAL AGENCIES,S0034,BHANDARA,BHANDARA,MAHARASHTRA,WEST ZONE,,,,,,,ADLA02
025,ATHARVA AGENCIES,NAGPUR,C0344,ROHIT MEDICAL AGENCIES,S0046,CHANDRAPUR,CHANDRAPUR,MAHARASHTRA,WEST ZONE,,,,,,,ADLA02
025,ATHARVA AGENCIES,NAGPUR,C0451,SHRI GOPAL MEDICAL AGENCIES,S0046,CHANDRAPUR,CHANDRAPUR,MAHARASHTRA,WEST ZONE,,,,,,,ADLA02
025,ATHARVA AGENCIES,NAGPUR,C0345,SHREE AYURVED AUSHADHALAYA,S0083,GONDIA,GONDIA,MAHARASHTRA,WEST ZONE,,,,,,,ADLA02
025,ATHARVA AGENCIES,NAGPUR,C0349,SIND MEDICAL AGENCIES,S0083,GONDIA,GONDIA,MAHARASHTRA,WEST ZONE,,,,,,,ADLA02
025,ATHARVA AGENCIES,NAGPUR,C0427,KAMAL DISTRIBUTORS,S0221,YAVATMAL,YAVATMAL,MAHARASHTRA,WEST ZONE,,,,,,,ADLA02
025,ATHARVA AGENCIES,NAGPUR,C0498,SANJEEVANI SALES,S0221,YAVATMAL,YAVATMAL,MAHARASHTRA,WEST ZONE,,,,,,,ADLA02
025,ATHARVA AGENCIES,NAGPUR,C0338,AGRAWAL AGENCIES,S0249,NAGPUR POOL,NAGPUR,MAHARASHTRA,WEST ZONE,,,,,,,ADLA02
025,ATHARVA AGENCIES,NAGPUR,C0341,LEELA AGENCIES,S0249,NAGPUR POOL,NAGPUR,MAHARASHTRA,WEST ZONE,,,,,,,ADLA02
025,ATHARVA AGENCIES,NAGPUR,C0348,SHREEJI SALES CORPORATION,S0249,NAGPUR POOL,NAGPUR,MAHARASHTRA,WEST ZONE,,,,,,,ADLA02
025,ATHARVA AGENCIES,NAGPUR,C1089,ELITE MEDICAL STORES,S0249,NAGPUR POOL,NAGPUR,MAHARASHTRA,WEST ZONE,,,,,,,ADLA02
025,ATHARVA AGENCIES,NAGPUR,C0803,NAHAR MEDITRADE,S0315,KHAMGAON,KHAMGAON,MAHARASHTRA,WEST ZONE,,,,,,,ADLA02
025,ATHARVA AGENCIES,NAGPUR,C1075,NIRMAL MEDICAL AGENCIES & GENERAL STORES,S0379,BRHMAPURI,BRHMAPURI,MAHARASHTRA,WEST ZONE,,,,,,,ADLA02
027,SHREE PHARMA DISTRIBUTORS,CHENNAI,C0041,LENA AGENCY,S0056,CUDDALORE,CUDDALORE,TAMIL NADU,SOUTH ZONE,,,,,,,ADLA02
027,SHREE PHARMA DISTRIBUTORS,CHENNAI,C0042,SRI YOUGALAKSHMI AGENCIES,S0056,CUDDALORE,CUDDALORE,TAMIL NADU,SOUTH ZONE,,,,,,,ADLA02
027,SHREE PHARMA DISTRIBUTORS,CHENNAI,C0046,SRI KALYANI AGENCIES,S0072,DINDIGUL,DINDIGUL,TAMIL NADU,SOUTH ZONE,,,,,,,ADLA02
027,SHREE PHARMA DISTRIBUTORS,CHENNAI,C1045,SELVI AGENCIES,S0072,DINDIGUL,DINDIGUL,TAMIL NADU,SOUTH ZONE,,,,,,,ADLA02
027,SHREE PHARMA DISTRIBUTORS,CHENNAI,C0668,JEEVA MEDICAL STORES,S0130,KRISHNAGIRI,KRISHNAGIRI,TAMIL NADU,SOUTH ZONE,,,,,,,ADLA02
027,SHREE PHARMA DISTRIBUTORS,CHENNAI,C0762,SRI SRI RATHNAS,S0130,KRISHNAGIRI,KRISHNAGIRI,TAMIL NADU,SOUTH ZONE,,,,,,,ADLA02
027,SHREE PHARMA DISTRIBUTORS,CHENNAI,C0849,MEDI SALES,S0200,THANJAVUR,THANJAVUR,TAMIL NADU,SOUTH ZONE,,,,,,,ADLA02
027,SHREE PHARMA DISTRIBUTORS,CHENNAI,C0848,SURESH PHARMA AGENCIES,S0211,VELLORE,VELLORE,TAMIL NADU,SOUTH ZONE,,,,,,,ADLA02
027,SHREE PHARMA DISTRIBUTORS,CHENNAI,C0780,SARASWATHI PHARMA AGENCIES,S0214,VILLUPURAM,VILLUPURAM,TAMIL NADU,SOUTH ZONE,,,,,,,ADLA02
027,SHREE PHARMA DISTRIBUTORS,CHENNAI,C0057,UNI PHARMA,S0247,MADURAI POOL,MADURAI,TAMIL NADU,SOUTH ZONE,,,,,,,ADLA02
027,SHREE PHARMA DISTRIBUTORS,CHENNAI,C0460,KASIVISWANATHAN MEDICAL AG.,S0247,MADURAI POOL,MADURAI,TAMIL NADU,SOUTH ZONE,,,,,,,ADLA02
027,SHREE PHARMA DISTRIBUTORS,CHENNAI,C0037,SURESH PHARMA AGENCIES(CHENNAI)PVT.LTD.,S0248,CHENNAI,CHENNAI,TAMIL NADU,SOUTH ZONE,,,,,,,ADLA02
027,SHREE PHARMA DISTRIBUTORS,CHENNAI,C0049,KUMARAN AGENCIES,S0248,CHENNAI,CHENNAI,TAMIL NADU,SOUTH ZONE,,,,,,,ADLA02
027,SHREE PHARMA DISTRIBUTORS,CHENNAI,C0514,R.S.DRUGS AND MEDICALS PVT.LTD.,S0248,CHENNAI,CHENNAI,TAMIL NADU,SOUTH ZONE,,,,,,,ADLA02
027,SHREE PHARMA DISTRIBUTORS,CHENNAI,C0877,SHREE AMMAN PHARMA INDIA PVT LTD,S0248,CHENNAI,CHENNAI,TAMIL NADU,SOUTH ZONE,,,,,,,ADLA02
027,SHREE PHARMA DISTRIBUTORS,CHENNAI,C0859,KANNAN AGENCIES,S0333,CHIDAMBARAM,CHIDAMBARAM,TAMIL NADU,SOUTH ZONE,,,,,,,ADLA02
028,ADONIS LABORATORIES PVT.LTD.,KOLKATA,C0257,BIMALA ENTERPRISE,BARRAC,BARRACKPUR,BARRACK,WEST BENGAL,EAST ZONE,,,,,ADWBRSM2,ADLA17,ADLA02
028,ADONIS LABORATORIES PVT.LTD.,KOLKATA,C0465,PRITAM ENTERPRISE,BARRAC,BARRACKPUR,BARRACK,WEST BENGAL,EAST ZONE,,,,,ADWBRSM2,ADLA17,ADLA02
028,ADONIS LABORATORIES PVT.LTD.,KOLKATA,C0485,GANGULY ENTERPRISE,BARRAC,BARRACKPUR,BARRACK,WEST BENGAL,EAST ZONE,,,,,ADWBRSM2,ADLA17,ADLA02
028,ADONIS LABORATORIES PVT.LTD.,KOLKATA,C0261,DAMODAR MEDICAL AGENCY,S0011,ARAMBAGH,ARAMBAGH,WEST BENGAL,EAST ZONE,ADLA112,,,,ADLA18,ADLA17,ADLA02
028,ADONIS LABORATORIES PVT.LTD.,KOLKATA,C0533,TARAMA DISTRIBUTORS,S0011,ARAMBAGH,ARAMBAGH,WEST BENGAL,EAST ZONE,ADLA112,,,,ADLA18,ADLA17,ADLA02
028,ADONIS LABORATORIES PVT.LTD.,KOLKATA,C0888,DURGA SANKAR ASSOCIATES,S0011,ARAMBAGH,ARAMBAGH,WEST BENGAL,EAST ZONE,ADLA112,,,,ADLA18,ADLA17,ADLA02
028,ADONIS LABORATORIES PVT.LTD.,KOLKATA,C0272,GHOSH DISTRIBUTORS,S0013,ASANSOL,ASANSOL,WEST BENGAL,EAST ZONE,ADLA132,,,ADWBASM1,,ADLA17,ADLA02
028,ADONIS LABORATORIES PVT.LTD.,KOLKATA,C0293,MONDAL DISTRIBUTORS,S0013,ASANSOL,ASANSOL,WEST BENGAL,EAST ZONE,ADLA132,,,ADWBASM1,,ADLA17,ADLA02
028,ADONIS LABORATORIES PVT.LTD.,KOLKATA,C0319,BHAWANI PHARMA,S0013,ASANSOL,ASANSOL,WEST BENGAL,EAST ZONE,ADLA132,,,ADWBASM1,,ADLA17,ADLA02
028,ADONIS LABORATORIES PVT.LTD.,KOLKATA,C0624,DAS MEDICAL AGENCY,S0013,ASANSOL,ASANSOL,WEST BENGAL,EAST ZONE,ADLA132,,,ADWBASM1,,ADLA17,ADLA02
028,ADONIS LABORATORIES PVT.LTD.,KOLKATA,C0273,H.K. PHARMACEUTICAL,S0021,BALURGHAT,BALURGHAT,WEST BENGAL,EAST ZONE,ADLA139,,,,,ADLA17,ADLA02
028,ADONIS LABORATORIES PVT.LTD.,KOLKATA,C0284,KUNDU DISTRIBUTORS,S0021,BALURGHAT,BALURGHAT,WEST BENGAL,EAST ZONE,ADLA139,,,,,ADLA17,ADLA02
028,ADONIS LABORATORIES PVT.LTD.,KOLKATA,C0275,HINDUSTAN TRADER,S0024,BANKURA,BANKURA,WEST BENGAL,EAST ZONE,ADLA134,,,ADWBASM1,,ADLA17,ADLA02
028,ADONIS LABORATORIES PVT.LTD.,KOLKATA,C0281,JYOTIRMOYEE UDYOG,S0024,BANKURA,BANKURA,WEST BENGAL,EAST ZONE,ADLA134,,,ADWBASM1,,ADLA17,ADLA02
028,ADONIS LABORATORIES PVT.LTD.,KOLKATA,C0694,KALIMATA MEDICAL AGENCY,S0024,BANKURA,BANKURA,WEST BENGAL,EAST ZONE,ADLA134,,,ADWBASM1,,ADLA17,ADLA02
028,ADONIS LABORATORIES PVT.LTD.,KOLKATA,C0562,SUBHADIP DISTRIBUTORS,S0025,BARASAT,BARASAT,WEST BENGAL,EAST ZONE,ADLA114,,,ADLA19,ADWBRSM2,ADLA17,ADLA02
028,ADONIS LABORATORIES PVT.LTD.,KOLKATA,C0262,DEB ENTERPRISE,S0029,BASIRHAT,BASIRHAT,WEST BENGAL,EAST ZONE,ADLA117,,,ADLA19,ADWBRSM2,ADLA17,ADLA02
028,ADONIS LABORATORIES PVT.LTD.,KOLKATA,C0713,M.K. ENTERPRISE,S0029,BASIRHAT,BASIRHAT,WEST BENGAL,EAST ZONE,ADLA117,,,ADLA19,ADWBRSM2,ADLA17,ADLA02
028,ADONIS LABORATORIES PVT.LTD.,KOLKATA,C0928,KUNDU ENTERPRISE,S0029,BASIRHAT,BASIRHAT,WEST BENGAL,EAST ZONE,ADLA117,,,ADLA19,ADWBRSM2,ADLA17,ADLA02
028,ADONIS LABORATORIES PVT.LTD.,KOLKATA,C0269,FLORENCE ENTERPRISE,S0041,BOLPUR,BOLPUR,WEST BENGAL,EAST ZONE,ADLA123,,,,,ADLA17,ADLA02
028,ADONIS LABORATORIES PVT.LTD.,KOLKATA,C0582,TULIKA MEDICAL AGENCY,S0041,BOLPUR,BOLPUR,WEST BENGAL,EAST ZONE,ADLA123,,,,,ADLA17,ADLA02
028,ADONIS LABORATORIES PVT.LTD.,KOLKATA,C0892,NEW BALAKA AGENCY,S0041,BOLPUR,BOLPUR,WEST BENGAL,EAST ZONE,ADLA123,,,,,ADLA17,ADLA02
028,ADONIS LABORATORIES PVT.LTD.,KOLKATA,C0253,B.D. DRUG DISTRIBUTORS,S0055,COOCHBEHAR,COOCHBEHAR,WEST BENGAL,EAST ZONE,,,,,,ADLA17,ADLA02
028,ADONIS LABORATORIES PVT.LTD.,KOLKATA,C0267,DUTTA MEDICAL STORES,S0055,COOCHBEHAR,COOCHBEHAR,WEST BENGAL,EAST ZONE,,,,,,ADLA17,ADLA02
028,ADONIS LABORATORIES PVT.LTD.,KOLKATA,C0290,MADAN MOHAN ENTERPRISE,S0055,COOCHBEHAR,COOCHBEHAR,WEST BENGAL,EAST ZONE,,,,,,ADLA17,ADLA02
028,ADONIS LABORATORIES PVT.LTD.,KOLKATA,C0310,SREE DURGA DISTRIBUTORS,S0074,DURGAPUR,DURGAPUR,WEST BENGAL,EAST ZONE,ADMHBE5,,,ADWBASM1,,ADLA17,ADLA02
028,ADONIS LABORATORIES PVT.LTD.,KOLKATA,C0314,URMILA DISTRIBUTORS,S0074,DURGAPUR,DURGAPUR,WEST BENGAL,EAST ZONE,ADMHBE5,,,ADWBASM1,,ADLA17,ADLA02
028,ADONIS LABORATORIES PVT.LTD.,KOLKATA,C0631,LOKENATH ENTERPRISE,S0074,DURGAPUR,DURGAPUR,WEST BENGAL,EAST ZONE,ADMHBE5,,,ADWBASM1,,ADLA17,ADLA02
028,ADONIS LABORATORIES PVT.LTD.,KOLKATA,C0331,PRADIP DISTRIBUTORS,S0075,EGRA,EGRA,WEST BENGAL,EAST ZONE,ADLA130,,,ADLA22,,ADLA17,ADLA02
028,ADONIS LABORATORIES PVT.LTD.,KOLKATA,C0307,S.D.MEDICAL AGENCY,S0087,HABRA,HABRA,WEST BENGAL,EAST ZONE,ADLA100,,,,ADWBRSM2,ADLA17,ADLA02
028,ADONIS LABORATORIES PVT.LTD.,KOLKATA,C0565,PROVA MEDICAL AGENCY,S0087,HABRA,HABRA,WEST BENGAL,EAST ZONE,ADLA100,,,,ADWBRSM2,ADLA17,ADLA02
028,ADONIS LABORATORIES PVT.LTD.,KOLKATA,C0590,MODERN MEDICINE HOUSE,S0100,ISLAMPUR,ISLAMPUR,WEST BENGAL,EAST ZONE,ADLA97,,,,,ADLA17,ADLA02
028,ADONIS LABORATORIES PVT.LTD.,KOLKATA,C0591,J.R.DISTRIBUTORS,S0100,ISLAMPUR,ISLAMPUR,WEST BENGAL,EAST ZONE,ADLA97,,,,,ADLA17,ADLA02
028,ADONIS LABORATORIES PVT.LTD.,KOLKATA,C0250,ANITA MEDICO,S0104,JALPAIGURI,JALPAIGURI,WEST BENGAL,EAST ZONE,,,,,,ADLA17,ADLA02
028,ADONIS LABORATORIES PVT.LTD.,KOLKATA,C0332,SAHA DISTRIBUTORS,S0104,JALPAIGURI,JALPAIGURI,WEST BENGAL,EAST ZONE,,,,,,ADLA17,ADLA02
028,ADONIS LABORATORIES PVT.LTD.,KOLKATA,C0588,SAHA ENTERPRISE,S0104,JALPAIGURI,JALPAIGURI,WEST BENGAL,EAST ZONE,,,,,,ADLA17,ADLA02
028,ADONIS LABORATORIES PVT.LTD.,KOLKATA,C0294,MUKHERJEE DISTRIBUTORS,S0119,KATWA,KATWA,WEST BENGAL,EAST ZONE,ADLA126,ADLA127,ADLA125,,,ADLA17,ADLA02
028,ADONIS LABORATORIES PVT.LTD.,KOLKATA,C0677,MAA PHARMA,S0119,KATWA,KATWA,WEST BENGAL,EAST ZONE,ADLA126,ADLA127,ADLA125,,,ADLA17,ADLA02
028,ADONIS LABORATORIES PVT.LTD.,KOLKATA,C0317,WORLD HEALTH,S0122,KHARAGPUR,KHARAGPUR,WEST BENGAL,EAST ZONE,ADLA98,,,,,ADLA17,ADLA02
028,ADONIS LABORATORIES PVT.LTD.,KOLKATA,C0781,NEW SHYAM DISTRIBUTORS,S0122,KHARAGPUR,KHARAGPUR,WEST BENGAL,EAST ZONE,ADLA98,,,,,ADLA17,ADLA02
028,ADONIS LABORATORIES PVT.LTD.,KOLKATA,C0944,PATRA MEDICAL,S0122,KHARAGPUR,KHARAGPUR,WEST BENGAL,EAST ZONE,ADLA98,,,,,ADLA17,ADLA02
028,ADONIS LABORATORIES PVT.LTD.,KOLKATA,C0299,RADHA DISTRIBUTORS,S0131,KRISHNANAGAR,KRISHNANAGAR,WEST BENGAL,EAST ZONE,ADLA143,,,ADLA24,ADWBRSM2,ADLA17,ADLA02
028,ADONIS LABORATORIES PVT.LTD.,KOLKATA,C0305,RAY DRUG DISTRIBUTORS,S0131,KRISHNANAGAR,KRISHNANAGAR,WEST BENGAL,EAST ZONE,ADLA143,,,ADLA24,ADWBRSM2,ADLA17,ADLA02
028,ADONIS LABORATORIES PVT.LTD.,KOLKATA,C0487,SHIBAM ENTERPRISE,S0131,KRISHNANAGAR,KRISHNANAGAR,WEST BENGAL,EAST ZONE,ADLA143,,,ADLA24,ADWBRSM2,ADLA17,ADLA02
028,ADONIS LABORATORIES PVT.LTD.,KOLKATA,C0280,JIT ENTERPRISE,S0145,MIDNAPORE,MIDNAPORE,WEST BENGAL,EAST ZONE,ADLA129,,,ADLA22,,ADLA17,ADLA02
028,ADONIS LABORATORIES PVT.LTD.,KOLKATA,C0288,MAA SARADA DISTRIBUTOR,S0145,MIDNAPORE,MIDNAPORE,WEST BENGAL,EAST ZONE,ADLA129,,,ADLA22,,ADLA17,ADLA02
028,ADONIS LABORATORIES PVT.LTD.,KOLKATA,C0320,DAS ENTERPRISE,S0145,MIDNAPORE,MIDNAPORE,WEST BENGAL,EAST ZONE,ADLA129,,,ADLA22,,ADLA17,ADLA02
028,ADONIS LABORATORIES PVT.LTD.,KOLKATA,C0524,H.P.J.MALIGRAM DRUG HOUSE,S0145,MIDNAPORE,MIDNAPORE,WEST BENGAL,EAST ZONE,ADLA129,,,ADLA22,,ADLA17,ADLA02
028,ADONIS LABORATORIES PVT.LTD.,KOLKATA,C0552,DAS MEDICAL HOUSE,S0145,MIDNAPORE,MIDNAPORE,WEST BENGAL,EAST ZONE,ADLA129,,,ADLA22,,ADLA17,ADLA02
028,ADONIS LABORATORIES PVT.LTD.,KOLKATA,C0301,RAJ ENTERPRISE,S0163,PURULIA,PURULIA,WEST BENGAL,EAST ZONE,ADWBBE1,,,ADWBASM1,,ADLA17,ADLA02
028,ADONIS LABORATORIES PVT.LTD.,KOLKATA,C0833,RAUNAK DISTRIBUTORS,S0163,PURULIA,PURULIA,WEST BENGAL,EAST ZONE,ADWBBE1,,,ADWBASM1,,ADLA17,ADLA02
028,ADONIS LABORATORIES PVT.LTD.,KOLKATA,C0334,SARKAR AGENCY,S0165,RAIGANJ,RAIGANJ,WEST BENGAL,EAST ZONE,ADLA104,,,,,ADLA17,ADLA02
028,ADONIS LABORATORIES PVT.LTD.,KOLKATA,C0474,SUMAN PHARMACEUTICALS,S0165,RAIGANJ,RAIGANJ,WEST BENGAL,EAST ZONE,ADLA104,,,,,ADLA17,ADLA02
028,ADONIS LABORATORIES PVT.LTD.,KOLKATA,C0476,MEDICARE DRUG DISTRIBUTORS,S0165,RAIGANJ,RAIGANJ,WEST BENGAL,EAST ZONE,ADLA104,,,,,ADLA17,ADLA02
028,ADONIS LABORATORIES PVT.LTD.,KOLKATA,C0817,NEW MITRA MEDICAL AGENCY,S0165,RAIGANJ,RAIGANJ,WEST BENGAL,EAST ZONE,ADLA104,,,,,ADLA17,ADLA02
028,ADONIS LABORATORIES PVT.LTD.,KOLKATA,C0851,DUTTA MEDICINE SUPPLY,S0165,RAIGANJ,RAIGANJ,WEST BENGAL,EAST ZONE,ADLA104,,,,,ADLA17,ADLA02
028,ADONIS LABORATORIES PVT.LTD.,KOLKATA,C0292,MA TARA UDYOG,S0173,RAMPURHAT,RAMPURHAT,WEST BENGAL,EAST ZONE,ADLA123,,,,,ADLA17,ADLA02
028,ADONIS LABORATORIES PVT.LTD.,KOLKATA,C0303,RAKSHAKALI DISTRIBUTORS,S0173,RAMPURHAT,RAMPURHAT,WEST BENGAL,EAST ZONE,ADLA128,,,ADLA24,ADWBRSM2,ADLA17,ADLA02
028,ADONIS LABORATORIES PVT.LTD.,KOLKATA,C0559,G.M.D.PHARMA,S0173,RAMPURHAT,RAMPURHAT,WEST BENGAL,EAST ZONE,ADLA123,,,,,ADLA17,ADLA02
028,ADONIS LABORATORIES PVT.LTD.,KOLKATA,C0302,RAJASTHAN DRUG DISTRIBUTORS,S0192,SILIGURI,SILIGURI,WEST BENGAL,EAST ZONE,,,,,,ADLA17,ADLA02
028,ADONIS LABORATORIES PVT.LTD.,KOLKATA,C0325,MAA LAXMI ENTERPRISE,S0192,SILIGURI,SILIGURI,WEST BENGAL,EAST ZONE,,,,,,ADLA17,ADLA02
028,ADONIS LABORATORIES PVT.LTD.,KOLKATA,C0772,SOVA MEDICAL AGENCY,S0192,SILIGURI,SILIGURI,WEST BENGAL,EAST ZONE,,,,,,ADLA17,ADLA02
028,ADONIS LABORATORIES PVT.LTD.,KOLKATA,C0328,MEDICO,S0196,TAMLUK,TAMLUK,WEST BENGAL,EAST ZONE,ADLA99,,,,,ADLA17,ADLA02
028,ADONIS LABORATORIES PVT.LTD.,KOLKATA,C0589,MADAN MOHAN ENTERPRISE,S0196,TAMLUK,TAMLUK,WEST BENGAL,EAST ZONE,ADLA99,,,,,ADLA17,ADLA02
028,ADONIS LABORATORIES PVT.LTD.,KOLKATA,C0287,M.P. DRUGS,S0231,BARUIPUR,BARUIP,WEST BENGAL,EAST ZONE,ADLA118,,,,ADWBRSM2,ADLA17,ADLA02
028,ADONIS LABORATORIES PVT.LTD.,KOLKATA,C0279,JANATA MEDICAL SERVICE AGENCIES,S0235,KOLKATA POOL,KOLKATA,WEST BENGAL,EAST ZONE,ADLA105,ADLA102,,,,ADLA17,ADLA02
028,ADONIS LABORATORIES PVT.LTD.,KOLKATA,C0434,EMAMI FRANK ROSS LTD.,S0235,KOLKATA POOL,KOLKATA,WEST BENGAL,EAST ZONE,ADLA105,ADLA102,,,,ADLA17,ADLA02
028,ADONIS LABORATORIES PVT.LTD.,KOLKATA,C0439,SANJEEVANI PHARMA DIST.PVT.LTD.,S0235,KOLKATA POOL,KOLKATA,WEST BENGAL,EAST ZONE,ADLA105,ADLA102,,,,ADLA17,ADLA02
028,ADONIS LABORATORIES PVT.LTD.,KOLKATA,C0477,NEW INDIAN MEDICAL STORES,S0235,KOLKATA POOL,KOLKATA,WEST BENGAL,EAST ZONE,ADLA105,ADLA102,,,,ADLA17,ADLA02
028,ADONIS LABORATORIES PVT.LTD.,KOLKATA,C0526,BUSINESS POINT,S0235,KOLKATA POOL,KOLKATA,WEST BENGAL,EAST ZONE,ADLA105,ADLA102,,,,ADLA17,ADLA02
028,ADONIS LABORATORIES PVT.LTD.,KOLKATA,C0563,SASTASUNDAR HEALTHBUDDY LTD.,S0235,KOLKATA POOL,KOLKATA,WEST BENGAL,EAST ZONE,ADLA105,ADLA102,,,,ADLA17,ADLA02
028,ADONIS LABORATORIES PVT.LTD.,KOLKATA,C0899,LAZZ MEDICO PRIVATE LIMITED,S0235,KOLKATA POOL,KOLKATA,WEST BENGAL,EAST ZONE,ADLA105,ADLA102,,,,ADLA17,ADLA02
028,ADONIS LABORATORIES PVT.LTD.,KOLKATA,C0248,ANAND DISTRIBUTORS,S0236,BURDWAN POOL,BURDWAN,WEST BENGAL,EAST ZONE,ADLA126,ADLA127,ADLA125,,,ADLA17,ADLA02
028,ADONIS LABORATORIES PVT.LTD.,KOLKATA,C0274,HAZRA DISTRIBUTORS,S0236,BURDWAN POOL,BURDWAN,WEST BENGAL,EAST ZONE,ADLA126,ADLA127,ADLA125,,,ADLA17,ADLA02
028,ADONIS LABORATORIES PVT.LTD.,KOLKATA,C0442,SIDDHESWARI MEDICAL HALL,S0236,BURDWAN POOL,BURDWAN,WEST BENGAL,EAST ZONE,ADLA126,ADLA127,ADLA125,,,ADLA17,ADLA02
028,ADONIS LABORATORIES PVT.LTD.,KOLKATA,C0550,MALOTI DISTRIBUTORS,S0236,BURDWAN POOL,BURDWAN,WEST BENGAL,EAST ZONE,ADLA126,ADLA127,ADLA125,,,ADLA17,ADLA02
028,ADONIS LABORATORIES PVT.LTD.,KOLKATA,C0650,NAMITA MEDICAL HALL,S0236,BURDWAN POOL,BURDWAN,WEST BENGAL,EAST ZONE,ADLA126,ADLA127,ADLA125,,,ADLA17,ADLA02
028,ADONIS LABORATORIES PVT.LTD.,KOLKATA,C0651,DUTTA SYNDICATE,S0236,BURDWAN POOL,BURDWAN,WEST BENGAL,EAST ZONE,ADLA126,ADLA127,ADLA125,,,ADLA17,ADLA02
028,ADONIS LABORATORIES PVT.LTD.,KOLKATA,C0846,ADI INTERNATIONAL DRUG AGENCY,S0236,BURDWAN POOL,BURDWAN,WEST BENGAL,EAST ZONE,ADLA126,ADLA127,ADLA125,,,ADLA17,ADLA02
028,ADONIS LABORATORIES PVT.LTD.,KOLKATA,C0861,INTERNATIONAL DRUG AGENCY,S0236,BURDWAN POOL,BURDWAN,WEST BENGAL,EAST ZONE,ADLA126,ADLA127,ADLA125,,,ADLA17,ADLA02
028,ADONIS LABORATORIES PVT.LTD.,KOLKATA,C0297,NEW MEDICAL HALL,S0238,BERHAMPORE-WB-POOL,BERHAMPU,WEST BENGAL,EAST ZONE,ADLA140,,,ADLA24,ADWBRSM2,ADLA17,ADLA02
028,ADONIS LABORATORIES PVT.LTD.,KOLKATA,C0455,MAA TARA MEDICAL AGENCY,S0238,BERHAMPORE-WB-POOL,BERHAMPU,WEST BENGAL,EAST ZONE,ADLA140,,,ADLA24,ADWBRSM2,ADLA17,ADLA02
028,ADONIS LABORATORIES PVT.LTD.,KOLKATA,C0458,ANUPAMA MEDICAL STORES,S0238,BERHAMPORE-WB-POOL,BERHAMPU,WEST BENGAL,EAST ZONE,ADLA140,,,ADLA24,ADWBRSM2,ADLA17,ADLA02
028,ADONIS LABORATORIES PVT.LTD.,KOLKATA,C0527,SABITA MEDICAL STORES,S0238,BERHAMPORE-WB-POOL,BERHAMPU,WEST BENGAL,EAST ZONE,ADLA140,,,ADLA24,ADWBRSM2,ADLA17,ADLA02
028,ADONIS LABORATORIES PVT.LTD.,KOLKATA,C0706,LIFE TRADING CONCERN,S0238,BERHAMPORE-WB-POOL,BERHAMPU,WEST BENGAL,EAST ZONE,ADLA140,,,ADLA24,ADWBRSM2,ADLA17,ADLA02
028,ADONIS LABORATORIES PVT.LTD.,KOLKATA,C0311,SUDHAMA DRUG AGENCY,S0262,MALDA POOL,MALDA,WEST BENGAL,EAST ZONE,ADLA95,ADLA96,,,,ADLA17,ADLA02
028,ADONIS LABORATORIES PVT.LTD.,KOLKATA,C0315,UTPAL ENTERPRISE,S0262,MALDA POOL,MALDA,WEST BENGAL,EAST ZONE,ADLA95,ADLA96,,,,ADLA17,ADLA02
028,ADONIS LABORATORIES PVT.LTD.,KOLKATA,C0404,MAA TARA SURGICAL & PHARMACEUTICALS,S0262,MALDA POOL,MALDA,WEST BENGAL,EAST ZONE,ADLA95,ADLA96,,,,ADLA17,ADLA02
028,ADONIS LABORATORIES PVT.LTD.,KOLKATA,C0483,CHAUDHURI MEDICINE,S0262,MALDA POOL,MALDA,WEST BENGAL,EAST ZONE,ADLA95,ADLA96,,,,ADLA17,ADLA02
028,ADONIS LABORATORIES PVT.LTD.,KOLKATA,C0603,FARMAN ENTERPRISE,S0262,MALDA POOL,MALDA,WEST BENGAL,EAST ZONE,ADLA95,ADLA96,,,,ADLA17,ADLA02
028,ADONIS LABORATORIES PVT.LTD.,KOLKATA,C0711,GHOSH & CO,S0262,MALDA POOL,MALDA,WEST BENGAL,EAST ZONE,ADLA95,ADLA96,,,,ADLA17,ADLA02
028,ADONIS LABORATORIES PVT.LTD.,KOLKATA,C0898,MAA KALI MEDICAL AGENCY,S0262,MALDA POOL,MALDA,WEST BENGAL,EAST ZONE,ADLA95,ADLA96,,,,ADLA17,ADLA02
028,ADONIS LABORATORIES PVT.LTD.,KOLKATA,C0249,ANANDAMAYEE,S0264,HOWRAH POOL,HOWRAH,WEST BENGAL,EAST ZONE,ADLA108,ADLA110,ADLA109,,ADLA18,ADLA17,ADLA02
028,ADONIS LABORATORIES PVT.LTD.,KOLKATA,C0276,IDEAL DISTRIBUTORS,S0264,HOWRAH POOL,HOWRAH,WEST BENGAL,EAST ZONE,ADLA108,ADLA110,ADLA109,,ADLA18,ADLA17,ADLA02
028,ADONIS LABORATORIES PVT.LTD.,KOLKATA,C0291,MA TARA AGENCY,S0264,HOWRAH POOL,HOWRAH,WEST BENGAL,EAST ZONE,ADLA108,ADLA110,ADLA109,,ADLA18,ADLA17,ADLA02
028,ADONIS LABORATORIES PVT.LTD.,KOLKATA,C0309,SREE GURU ENTERPRISES,S0264,HOWRAH POOL,HOWRAH,WEST BENGAL,EAST ZONE,ADLA108,ADLA110,ADLA109,,ADLA18,ADLA17,ADLA02
028,ADONIS LABORATORIES PVT.LTD.,KOLKATA,C0329,PATRA MEDICINE DISTRIBUTORS,S0264,HOWRAH POOL,HOWRAH,WEST BENGAL,EAST ZONE,ADLA108,ADLA110,ADLA109,,ADLA18,ADLA17,ADLA02
028,ADONIS LABORATORIES PVT.LTD.,KOLKATA,C0478,ANANDAMAYEE MEDICINE CENTRE,S0264,HOWRAH POOL,HOWRAH,WEST BENGAL,EAST ZONE,ADLA108,ADLA110,ADLA109,,ADLA18,ADLA17,ADLA02
028,ADONIS LABORATORIES PVT.LTD.,KOLKATA,C0482,B.M.K.ENTERPRISE,S0264,HOWRAH POOL,HOWRAH,WEST BENGAL,EAST ZONE,ADLA108,ADLA110,ADLA109,,ADLA18,ADLA17,ADLA02
028,ADONIS LABORATORIES PVT.LTD.,KOLKATA,C0551,LOKNATH AGENCY,S0264,HOWRAH POOL,HOWRAH,WEST BENGAL,EAST ZONE,ADLA108,ADLA110,ADLA109,,ADLA18,ADLA17,ADLA02
028,ADONIS LABORATORIES PVT.LTD.,KOLKATA,C0733,NEW KAMALA MEDICINE DISTRIBUTORS,S0264,HOWRAH POOL,HOWRAH,WEST BENGAL,EAST ZONE,ADLA108,ADLA110,ADLA109,,ADLA18,ADLA17,ADLA02
028,ADONIS LABORATORIES PVT.LTD.,KOLKATA,C0972,SWASTIK MEDICAL AGENCY,S0264,HOWRAH POOL,HOWRAH,WEST BENGAL,EAST ZONE,ADLA108,ADLA110,ADLA109,,ADLA18,ADLA17,ADLA02
028,ADONIS LABORATORIES PVT.LTD.,KOLKATA,C0252,ARYAN,S0266,KOLKATA NORTH POOL,KOLKATA,WEST BENGAL,EAST ZONE,,,,,ADWBRSM2,ADLA17,ADLA02
028,ADONIS LABORATORIES PVT.LTD.,KOLKATA,C0270,G.K. KHEMKA MEMORIAL CLINIC,S0266,KOLKATA NORTH POOL,KOLKATA,WEST BENGAL,EAST ZONE,ADLA105,,,,,ADLA17,ADLA02
028,ADONIS LABORATORIES PVT.LTD.,KOLKATA,C0278,JAIN DISTRIBUTORS,S0266,KOLKATA NORTH POOL,KOLKATA,WEST BENGAL,EAST ZONE,ADLA105,,,,,ADLA17,ADLA02
028,ADONIS LABORATORIES PVT.LTD.,KOLKATA,C0312,TANIA PHARMACEUTICALS,S0266,KOLKATA NORTH POOL,KOLKATA,WEST BENGAL,EAST ZONE,,,,,ADWBRSM2,ADLA17,ADLA02
028,ADONIS LABORATORIES PVT.LTD.,KOLKATA,C0313,UNIMED AGENCY,S0266,KOLKATA NORTH POOL,KOLKATA,WEST BENGAL,EAST ZONE,ADLA116,,,ADLA19,ADWBRSM2,ADLA17,ADLA02
028,ADONIS LABORATORIES PVT.LTD.,KOLKATA,C0333,SARASWATI MEDICAL  ENTERPRISES,S0266,KOLKATA NORTH POOL,KOLKATA,WEST BENGAL,EAST ZONE,,,,,ADWBRSM2,ADLA17,ADLA02
028,ADONIS LABORATORIES PVT.LTD.,KOLKATA,C0511,MANORAMA MEDICAL ENTERPRISE,S0266,KOLKATA NORTH POOL,KOLKATA,WEST BENGAL,EAST ZONE,ADLA105,,,,,ADLA17,ADLA02
028,ADONIS LABORATORIES PVT.LTD.,KOLKATA,C0525,NEW JAIGURU TRADING COMPANY,S0266,KOLKATA NORTH POOL,KOLKATA,WEST BENGAL,EAST ZONE,ADLA116,,,ADLA19,ADWBRSM2,ADLA17,ADLA02
028,ADONIS LABORATORIES PVT.LTD.,KOLKATA,C0579,MANDAL MEDICINE SUPPLY,S0266,KOLKATA NORTH POOL,KOLKATA,WEST BENGAL,EAST ZONE,ADLA106,,,ADLA19,ADWBRSM2,ADLA17,ADLA02
028,ADONIS LABORATORIES PVT.LTD.,KOLKATA,C0625,BENGAL PHARMACEUTICALS,S0266,KOLKATA NORTH POOL,KOLKATA,WEST BENGAL,EAST ZONE,,,,,ADWBRSM2,ADLA17,ADLA02
028,ADONIS LABORATORIES PVT.LTD.,KOLKATA,C0753,CALCUTTA MEDISOLUTIONS PVT LTD,S0266,KOLKATA NORTH POOL,KOLKATA,WEST BENGAL,EAST ZONE,ADLA106,,,ADLA19,ADWBRSM2,ADLA17,ADLA02
028,ADONIS LABORATORIES PVT.LTD.,KOLKATA,C0776,PRO-FIGHT,S0266,KOLKATA NORTH POOL,KOLKATA,WEST BENGAL,EAST ZONE,,,,,ADWBRSM2,ADLA17,ADLA02
028,ADONIS LABORATORIES PVT.LTD.,KOLKATA,C0885,DIPTI TRADERS,S0266,KOLKATA NORTH POOL,KOLKATA,WEST BENGAL,EAST ZONE,,,,,ADWBRSM2,ADLA17,ADLA02
028,ADONIS LABORATORIES PVT.LTD.,KOLKATA,C0247,AMAR BROTHERS,S0267,KOLKATA SOUTH POOL,KOLKATA,WEST BENGAL,EAST ZONE,ADLA103,,,,ADWBRSM2,ADLA17,ADLA02
028,ADONIS LABORATORIES PVT.LTD.,KOLKATA,C0254,B.L. DISTRIBUTORS,S0267,KOLKATA SOUTH POOL,KOLKATA,WEST BENGAL,EAST ZONE,,,,,ADWBRSM2,ADLA17,ADLA02
028,ADONIS LABORATORIES PVT.LTD.,KOLKATA,C0264,DISA ENTERPRISE,S0267,KOLKATA SOUTH POOL,KOLKATA,WEST BENGAL,EAST ZONE,ADLA102,,,,,ADLA17,ADLA02
028,ADONIS LABORATORIES PVT.LTD.,KOLKATA,C0265,DUA MEDICOS,S0267,KOLKATA SOUTH POOL,KOLKATA,WEST BENGAL,EAST ZONE,ADLA103,,,,ADWBRSM2,ADLA17,ADLA02
028,ADONIS LABORATORIES PVT.LTD.,KOLKATA,C0271,G.N.V. ENTERPRISE,S0267,KOLKATA SOUTH POOL,KOLKATA,WEST BENGAL,EAST ZONE,ADLA103,,,,ADWBRSM2,ADLA17,ADLA02
028,ADONIS LABORATORIES PVT.LTD.,KOLKATA,C0298,R.P. GUPTA & CO,S0267,KOLKATA SOUTH POOL,KOLKATA,WEST BENGAL,EAST ZONE,,,,,ADWBRSM2,ADLA17,ADLA02
028,ADONIS LABORATORIES PVT.LTD.,KOLKATA,C0324,M.P ENTERPRISES,S0267,KOLKATA SOUTH POOL,KOLKATA,WEST BENGAL,EAST ZONE,,,,,ADWBRSM2,ADLA17,ADLA02
028,ADONIS LABORATORIES PVT.LTD.,KOLKATA,C0415,SREE GOPAL ENTERPRISE,S0267,KOLKATA SOUTH POOL,KOLKATA,WEST BENGAL,EAST ZONE,ADLA102,,,,,ADLA17,ADLA02
028,ADONIS LABORATORIES PVT.LTD.,KOLKATA,C0446,TALUKDAR DISTRIBUTORS,S0267,KOLKATA SOUTH POOL,KOLKATA,WEST BENGAL,EAST ZONE,ADLA102,,,,,ADLA17,ADLA02
028,ADONIS LABORATORIES PVT.LTD.,KOLKATA,C0543,NIRAMAY ENTERPRISES,S0267,KOLKATA SOUTH POOL,KOLKATA,WEST BENGAL,EAST ZONE,,,,,ADWBRSM2,ADLA17,ADLA02
028,ADONIS LABORATORIES PVT.LTD.,KOLKATA,C0735,N R PHARMACEUTICALS PVT LTD,S0267,KOLKATA SOUTH POOL,KOLKATA,WEST BENGAL,EAST ZONE,ADLA102,,,,,ADLA17,ADLA02
028,ADONIS LABORATORIES PVT.LTD.,KOLKATA,C0744,DAFFODIL LIFE SCIENCES PVT LTD,S0267,KOLKATA SOUTH POOL,KOLKATA,WEST BENGAL,EAST ZONE,ADLA103,,,,ADWBRSM2,ADLA17,ADLA02
028,ADONIS LABORATORIES PVT.LTD.,KOLKATA,C0764,PHARMA PLUS,S0267,KOLKATA SOUTH POOL,KOLKATA,WEST BENGAL,EAST ZONE,ADLA103,,,,ADWBRSM2,ADLA17,ADLA02
028,ADONIS LABORATORIES PVT.LTD.,KOLKATA,C0942,RPGUPTA PHARMAMED PRIVATE LIMITED,S0267,KOLKATA SOUTH POOL,KOLKATA,WEST BENGAL,EAST ZONE,,,,,ADWBRSM2,ADLA17,ADLA02
028,ADONIS LABORATORIES PVT.LTD.,KOLKATA,C1030,DUTTA ENTERPRISES,S0267,KOLKATA SOUTH POOL,KOLKATA,WEST BENGAL,EAST ZONE,,,,,ADWBRSM2,ADLA17,ADLA02
028,ADONIS LABORATORIES PVT.LTD.,KOLKATA,C0263,DHARMADAS ASSOCIATES,S0278,AMTALA,AMTALA,WEST BENGAL,EAST ZONE,ADLA120,ADLA119,,,ADWBRSM2,ADLA17,ADLA02
028,ADONIS LABORATORIES PVT.LTD.,KOLKATA,C0321,K.S. TRADERS,S0278,AMTALA,AMTALA,WEST BENGAL,EAST ZONE,ADLA120,ADLA119,,,ADWBRSM2,ADLA17,ADLA02
028,ADONIS LABORATORIES PVT.LTD.,KOLKATA,C0586,DEVA MEDICAL AGENCY,S0278,AMTALA,AMTALA,WEST BENGAL,EAST ZONE,ADLA120,ADLA119,,,ADWBRSM2,ADLA17,ADLA02
028,ADONIS LABORATORIES PVT.LTD.,KOLKATA,C0260,BLUE STAR PHARMACEUTICALS,S0279,CAS POOL,CAS,WEST BENGAL,EAST ZONE,ADLA113,ADLA111,,,ADLA18,ADLA17,ADLA02
028,ADONIS LABORATORIES PVT.LTD.,KOLKATA,C0300,RADHA GOBINDA MEDICAL AGENCIES,S0279,CAS POOL,CAS,WEST BENGAL,EAST ZONE,ADLA113,ADLA111,,,ADLA18,ADLA17,ADLA02
028,ADONIS LABORATORIES PVT.LTD.,KOLKATA,C0323,LILA PHARMA AGENCY,S0279,CAS POOL,CAS,WEST BENGAL,EAST ZONE,ADLA113,ADLA111,,,ADLA18,ADLA17,ADLA02
028,ADONIS LABORATORIES PVT.LTD.,KOLKATA,C0704,ECONOMIC MEDICAL AGENCY,S0279,CAS POOL,CAS,WEST BENGAL,EAST ZONE,ADLA113,ADLA111,,,ADLA18,ADLA17,ADLA02
028,ADONIS LABORATORIES PVT.LTD.,KOLKATA,C0705,NARAYAN MEDICAL AGENCY,S0279,CAS POOL,CAS,WEST BENGAL,EAST ZONE,ADLA113,ADLA111,,,ADLA18,ADLA17,ADLA02
028,ADONIS LABORATORIES PVT.LTD.,KOLKATA,C0810,JYOTSNA MEDICAL AGENCY LLP,S0279,CAS POOL,CAS,WEST BENGAL,EAST ZONE,ADLA113,ADLA111,,,ADLA18,ADLA17,ADLA02
028,ADONIS LABORATORIES PVT.LTD.,KOLKATA,C0827,RENUKA ENTERPRISE,S0279,CAS POOL,CAS,WEST BENGAL,EAST ZONE,ADLA113,ADLA111,,,ADLA18,ADLA17,ADLA02
028,ADONIS LABORATORIES PVT.LTD.,KOLKATA,C1110,MANADA PHARMACEUTICALS PRIVATE LIMITED,S0279,CAS POOL,CAS,WEST BENGAL,EAST ZONE,ADLA113,ADLA111,,,ADLA18,ADLA17,ADLA02
028,ADONIS LABORATORIES PVT.LTD.,KOLKATA,C0306,REMEDY,S0296,DIAMOND HARBOUR,AMTALA,WEST BENGAL,EAST ZONE,ADLA121,,,,ADWBRSM2,ADLA17,ADLA02
028,ADONIS LABORATORIES PVT.LTD.,KOLKATA,C0703,SARKAR MEDICAL AGENCY,S0296,DIAMOND HARBOUR,AMTALA,WEST BENGAL,EAST ZONE,ADLA121,,,,ADWBRSM2,ADLA17,ADLA02
028,ADONIS LABORATORIES PVT.LTD.,KOLKATA,C0464,RAJ MEDICAL AGENCY,S0311,RAGHUNATHGANJ,RAGHUNATHGANJ,WEST BENGAL,EAST ZONE,ADLA142,,,ADLA24,ADWBRSM2,ADLA17,ADLA02
028,ADONIS LABORATORIES PVT.LTD.,KOLKATA,C0905,PALASH MEDICAL AGENCY,S0311,RAGHUNATHGANJ,RAGHUNATHGANJ,WEST BENGAL,EAST ZONE,ADLA142,,,ADLA24,ADWBRSM2,ADLA17,ADLA02
028,ADONIS LABORATORIES PVT.LTD.,KOLKATA,C0819,GHOSH ENTERPRISE,S0323,RANAGHAT,RANAGHAT,WEST BENGAL,EAST ZONE,,,,ADLA24,ADWBRSM2,ADLA17,ADLA02
028,ADONIS LABORATORIES PVT.LTD.,KOLKATA,C0865,MALA ENTERPRISE,S0323,RANAGHAT,RANAGHAT,WEST BENGAL,EAST ZONE,,,,ADLA24,ADWBRSM2,ADLA17,ADLA02
028,ADONIS LABORATORIES PVT.LTD.,KOLKATA,C0620,MAA KRISHNA DISTRIBUTOR,S0342,GHATAL,GHATAL,WEST BENGAL,EAST ZONE,ADLA131,,,ADLA22,,ADLA17,ADLA02
028,ADONIS LABORATORIES PVT.LTD.,KOLKATA,C0268,ESSEN ENTERPRISE,S0349,HB POOL,HABRA + BARASAT,WEST BENGAL,EAST ZONE,ADLA114,,,ADLA19,ADWBRSM2,ADLA17,ADLA02
028,ADONIS LABORATORIES PVT.LTD.,KOLKATA,C0957,PROVATI DRUGS,S0349,HB POOL,HABRA + BARASAT,WEST BENGAL,EAST ZONE,ADLA114,,,ADLA19,ADWBRSM2,ADLA17,ADLA02
029,ADONIS LABORATORIES PVT.LTD.,KOLKATA,C0976,GANGULY ENTERPRISE (AC),BARRAC,BARRACKPUR,BARRACK,WEST BENGAL,EAST ZONE,,,,,ADWBRSM2,ADLA17,ADLA02
029,ADONIS LABORATORIES PVT.LTD.,KOLKATA,C0951,DURGA SANKAR ASSOCIATES (AC),S0011,ARAMBAGH,ARAMBAGH,WEST BENGAL,EAST ZONE,ADLA112,,,,ADLA18,ADLA17,ADLA02
029,ADONIS LABORATORIES PVT.LTD.,KOLKATA,C0954,TARAMA DISTRIBUTORS AC,S0011,ARAMBAGH,ARAMBAGH,WEST BENGAL,EAST ZONE,ADLA112,,,,ADLA18,ADLA17,ADLA02
029,ADONIS LABORATORIES PVT.LTD.,KOLKATA,C0955,DAMODAR MEDICAL AGENCY AC,S0011,ARAMBAGH,ARAMBAGH,WEST BENGAL,EAST ZONE,ADLA112,,,,ADLA18,ADLA17,ADLA02
029,ADONIS LABORATORIES PVT.LTD.,KOLKATA,C0967,GHOSH DISTRIBUTORS (AC),S0013,ASANSOL,ASANSOL,WEST BENGAL,EAST ZONE,ADLA132,,,ADWBASM1,,ADLA17,ADLA02
029,ADONIS LABORATORIES PVT.LTD.,KOLKATA,C0984,BHAWANI PHARMA (AC),S0013,ASANSOL,ASANSOL,WEST BENGAL,EAST ZONE,ADLA132,,,ADWBASM1,,ADLA17,ADLA02
029,ADONIS LABORATORIES PVT.LTD.,KOLKATA,C1026,DAS MEDICAL AGENCY (AC),S0013,ASANSOL,ASANSOL,WEST BENGAL,EAST ZONE,ADLA132,,,ADWBASM1,,ADLA17,ADLA02
029,ADONIS LABORATORIES PVT.LTD.,KOLKATA,C0960,KUNDU DISTRIBUTORS (AC),S0021,BALURGHAT,BALURGHAT,WEST BENGAL,EAST ZONE,ADLA139,,,,,ADLA17,ADLA02
029,ADONIS LABORATORIES PVT.LTD.,KOLKATA,C1012,HINDUSTHAN TRADERS (AC),S0024,BANKURA,BANKURA,WEST BENGAL,EAST ZONE,ADLA134,,,ADWBASM1,,ADLA17,ADLA02
029,ADONIS LABORATORIES PVT.LTD.,KOLKATA,C0953,PROVATI DRUGS AC,S0025,BARASAT,BARASAT,WEST BENGAL,EAST ZONE,ADLA114,,,ADLA19,ADWBRSM2,ADLA17,ADLA02
029,ADONIS LABORATORIES PVT.LTD.,KOLKATA,C0978,DEB ENTERPRISE (AC),S0029,BASIRHAT,BASIRHAT,WEST BENGAL,EAST ZONE,ADLA117,,,ADLA19,ADWBRSM2,ADLA17,ADLA02
029,ADONIS LABORATORIES PVT.LTD.,KOLKATA,C0986,M.K. ENTERPRISE (AC),S0029,BASIRHAT,BASIRHAT,WEST BENGAL,EAST ZONE,ADLA117,,,ADLA19,ADWBRSM2,ADLA17,ADLA02
029,ADONIS LABORATORIES PVT.LTD.,KOLKATA,C1019,KUNDU ENTERPRISE AC,S0029,BASIRHAT,BASIRHAT,WEST BENGAL,EAST ZONE,ADLA117,,,ADLA19,ADWBRSM2,ADLA17,ADLA02
029,ADONIS LABORATORIES PVT.LTD.,KOLKATA,C0947,ADI INTERNATIONAL DRUG AGENCY (AC),S0044,BURDWAN,BURDWAN,WEST BENGAL,EAST ZONE,ADLA126,ADLA127,ADLA125,,,ADLA17,ADLA02
029,ADONIS LABORATORIES PVT.LTD.,KOLKATA,C0948,HAZRA DISTRIBUTORS (AC),S0044,BURDWAN,BURDWAN,WEST BENGAL,EAST ZONE,ADLA126,ADLA127,ADLA125,,,ADLA17,ADLA02
029,ADONIS LABORATORIES PVT.LTD.,KOLKATA,C0958,MUKHERJEE DISTRIBUTORS (AC),S0044,BURDWAN,BURDWAN,WEST BENGAL,EAST ZONE,ADLA126,ADLA127,ADLA125,,,ADLA17,ADLA02
029,ADONIS LABORATORIES PVT.LTD.,KOLKATA,C0991,INTERNATIONAL DRUG AGENCY (AC),S0044,BURDWAN,BURDWAN,WEST BENGAL,EAST ZONE,ADLA126,ADLA127,ADLA125,,,ADLA17,ADLA02
029,ADONIS LABORATORIES PVT.LTD.,KOLKATA,C1004,DUTTA SYNDICATE (AC),S0044,BURDWAN,BURDWAN,WEST BENGAL,EAST ZONE,ADLA126,ADLA127,ADLA125,,,ADLA17,ADLA02
029,ADONIS LABORATORIES PVT.LTD.,KOLKATA,C1010,MALOTI DISTRIBUTORS (AC),S0044,BURDWAN,BURDWAN,WEST BENGAL,EAST ZONE,ADLA126,ADLA127,ADLA125,,,ADLA17,ADLA02
029,ADONIS LABORATORIES PVT.LTD.,KOLKATA,C1020,NAMITA MEDICAL HALL(AC),S0044,BURDWAN,BURDWAN,WEST BENGAL,EAST ZONE,ADLA126,ADLA127,ADLA125,,,ADLA17,ADLA02
029,ADONIS LABORATORIES PVT.LTD.,KOLKATA,C1022,SIDDHESWARI MEDICAL HALL (AC),S0044,BURDWAN,BURDWAN,WEST BENGAL,EAST ZONE,ADLA126,ADLA127,ADLA125,,,ADLA17,ADLA02
029,ADONIS LABORATORIES PVT.LTD.,KOLKATA,C0989,BLUE STAR PHARMACEUTICALS (AC),S0051,CHINSURAH,CHINSURAH,WEST BENGAL,EAST ZONE,ADLA113,ADLA111,,,ADLA18,ADLA17,ADLA02
029,ADONIS LABORATORIES PVT.LTD.,KOLKATA,C0992,NARAYAN MEDICAL AGENCY (AC),S0051,CHINSURAH,CHINSURAH,WEST BENGAL,EAST ZONE,ADLA113,ADLA111,,,ADLA18,ADLA17,ADLA02
029,ADONIS LABORATORIES PVT.LTD.,KOLKATA,C1027,RENUKA ENTERPRISE (AC),S0051,CHINSURAH,CHINSURAH,WEST BENGAL,EAST ZONE,ADLA113,ADLA111,,,ADLA18,ADLA17,ADLA02
029,ADONIS LABORATORIES PVT.LTD.,KOLKATA,C0988,B.D. DRUG DISTRIBUTORS (AC),S0055,COOCHBEHAR,COOCHBEHAR,WEST BENGAL,EAST ZONE,,,,,,ADLA17,ADLA02
029,ADONIS LABORATORIES PVT.LTD.,KOLKATA,C0980,GHOSH MEDICAL AGENCY (AC),S0131,KRISHNANAGAR,KRISHNANAGAR,WEST BENGAL,EAST ZONE,ADLA143,,,ADLA24,ADWBRSM2,ADLA17,ADLA02
029,ADONIS LABORATORIES PVT.LTD.,KOLKATA,C1002,RAY DRUG DISTRIBUTORS (AC),S0131,KRISHNANAGAR,KRISHNANAGAR,WEST BENGAL,EAST ZONE,ADLA143,,,ADLA24,ADWBRSM2,ADLA17,ADLA02
029,ADONIS LABORATORIES PVT.LTD.,KOLKATA,C0966,SUMAN PHARMACEUTICALS (AC),S0165,RAIGANJ,RAIGANJ,WEST BENGAL,EAST ZONE,ADLA104,,,,,ADLA17,ADLA02
029,ADONIS LABORATORIES PVT.LTD.,KOLKATA,C0999,SARKAR AGENCY (AC),S0165,RAIGANJ,RAIGANJ,WEST BENGAL,EAST ZONE,ADLA104,,,,,ADLA17,ADLA02
029,ADONIS LABORATORIES PVT.LTD.,KOLKATA,C1011,MEDICARE DRUG DISTRIBUTORS (AC),S0165,RAIGANJ,RAIGANJ,WEST BENGAL,EAST ZONE,ADLA104,,,,,ADLA17,ADLA02
029,ADONIS LABORATORIES PVT.LTD.,KOLKATA,C0975,RAKSHAKALI DISTRIBUTORS (AC),S0173,RAMPURHAT,RAMPURHAT,WEST BENGAL,EAST ZONE,ADLA128,,,ADLA24,ADWBRSM2,ADLA17,ADLA02
029,ADONIS LABORATORIES PVT.LTD.,KOLKATA,C0985,MA TARA UDYOG (AC),S0173,RAMPURHAT,RAMPURHAT,WEST BENGAL,EAST ZONE,ADLA123,,,,,ADLA17,ADLA02
029,ADONIS LABORATORIES PVT.LTD.,KOLKATA,C1017,G.M.D.PHARMA AC,S0173,RAMPURHAT,RAMPURHAT,WEST BENGAL,EAST ZONE,ADLA123,,,,,ADLA17,ADLA02
029,ADONIS LABORATORIES PVT.LTD.,KOLKATA,C1005,MAA LAXMI ENTERPRISE (AC),S0192,SILIGURI,SILIGURI,WEST BENGAL,EAST ZONE,,,,,,ADLA17,ADLA02
029,ADONIS LABORATORIES PVT.LTD.,KOLKATA,C1009,SOVA MEDICAL AGENCY (AC),S0192,SILIGURI,SILIGURI,WEST BENGAL,EAST ZONE,,,,,,ADLA17,ADLA02
029,ADONIS LABORATORIES PVT.LTD.,KOLKATA,C1024,LIFE TRADING CONCERN (AC),S0226,BERHAMPORE,BERHAMPU,WEST BENGAL,EAST ZONE,ADLA140,,,ADLA24,ADWBRSM2,ADLA17,ADLA02
029,ADONIS LABORATORIES PVT.LTD.,KOLKATA,C1032,SABITA MEDICAL STORES,S0226,BERHAMPORE,BERHAMPU,WEST BENGAL,EAST ZONE,ADLA140,,,ADLA24,ADWBRSM2,ADLA17,ADLA02
029,ADONIS LABORATORIES PVT.LTD.,KOLKATA,C0952,M.P. DRUGS (AC),S0231,BARUIPUR,BARUIP,WEST BENGAL,EAST ZONE,ADLA118,,,,ADWBRSM2,ADLA17,ADLA02
029,ADONIS LABORATORIES PVT.LTD.,KOLKATA,C0971,SASTASUNDAR HEALTHBUDDY LTD. (AC),S0231,BARUIPUR,BARUIP,WEST BENGAL,EAST ZONE,ADLA118,,,,ADWBRSM2,ADLA17,ADLA02
029,ADONIS LABORATORIES PVT.LTD.,KOLKATA,C0968,DHARMADAS ASSOCIATES ( AC),S0278,AMTALA,AMTALA,WEST BENGAL,EAST ZONE,ADLA120,ADLA119,,,ADWBRSM2,ADLA17,ADLA02
029,ADONIS LABORATORIES PVT.LTD.,KOLKATA,C0973,K.S. TRADERS (AC),S0278,AMTALA,AMTALA,WEST BENGAL,EAST ZONE,ADLA120,ADLA119,,,ADWBRSM2,ADLA17,ADLA02
029,ADONIS LABORATORIES PVT.LTD.,KOLKATA,C0993,SARKAR MEDICAL AGENCY (AC),S0296,DIAMOND HARBOUR,AMTALA,WEST BENGAL,EAST ZONE,ADLA121,,,,ADWBRSM2,ADLA17,ADLA02
029,ADONIS LABORATORIES PVT.LTD.,KOLKATA,C0970,MA TARA AGENCY (AC),S0351,SIBPUR (HOWRAH),HOWRAH,WEST BENGAL,EAST ZONE,ADLA108,ADLA110,ADLA109,,ADLA18,ADLA17,ADLA02
029,ADONIS LABORATORIES PVT.LTD.,KOLKATA,C0974,B.M.K.ENTERPRISE (AC),S0351,SIBPUR (HOWRAH),HOWRAH,WEST BENGAL,EAST ZONE,ADLA108,ADLA110,ADLA109,,ADLA18,ADLA17,ADLA02
029,ADONIS LABORATORIES PVT.LTD.,KOLKATA,C0979,NEW KAMALA MEDICINE DISTRIBUTORS (AC),S0351,SIBPUR (HOWRAH),HOWRAH,WEST BENGAL,EAST ZONE,ADLA108,ADLA110,ADLA109,,ADLA18,ADLA17,ADLA02
029,ADONIS LABORATORIES PVT.LTD.,KOLKATA,C0962,PATRA MEDICINE DISTRIBUTORS (AC),S0352,SALKIA (HOWRAH),HOWRAH,WEST BENGAL,EAST ZONE,ADLA108,ADLA110,ADLA109,,ADLA18,ADLA17,ADLA02
029,ADONIS LABORATORIES PVT.LTD.,KOLKATA,C0965,SREE GURU ENTERPRISES (AC),S0352,SALKIA (HOWRAH),HOWRAH,WEST BENGAL,EAST ZONE,ADLA108,ADLA110,ADLA109,,ADLA18,ADLA17,ADLA02
029,ADONIS LABORATORIES PVT.LTD.,KOLKATA,C0977,ECONOMIC MEDICAL AGENCY (AC),S0353,SREERAMPORE,CAS,WEST BENGAL,EAST ZONE,ADLA113,ADLA111,,,ADLA18,ADLA17,ADLA02
029,ADONIS LABORATORIES PVT.LTD.,KOLKATA,C0981,LILA PHARMA AGENCY (AC),S0353,SREERAMPORE,CAS,WEST BENGAL,EAST ZONE,ADLA113,ADLA111,,,ADLA18,ADLA17,ADLA02
029,ADONIS LABORATORIES PVT.LTD.,KOLKATA,C0987,JYOTSNA MEDICAL AGENCY LLP (AC),S0353,SREERAMPORE,CAS,WEST BENGAL,EAST ZONE,ADLA113,ADLA111,,,ADLA18,ADLA17,ADLA02
029,ADONIS LABORATORIES PVT.LTD.,KOLKATA,C0969,UNIMED AGENCY (AC),S0354,BAGUIHATI (N),KOLKATA,WEST BENGAL,EAST ZONE,ADLA116,,,ADLA19,ADWBRSM2,ADLA17,ADLA02
029,ADONIS LABORATORIES PVT.LTD.,KOLKATA,C1003,SARASWATI MEDICAL  ENTERPRISES (AC),S0354,BAGUIHATI (N),KOLKATA,WEST BENGAL,EAST ZONE,ADLA116,,,ADLA19,ADWBRSM2,ADLA17,ADLA02
029,ADONIS LABORATORIES PVT.LTD.,KOLKATA,C1036,SANJEEVANI PHARMA DIST.PVT.LTD. (AC),S0354,BAGUIHATI (N),KOLKATA,WEST BENGAL,EAST ZONE,ADLA116,,,ADLA19,ADWBRSM2,ADLA17,ADLA02
029,ADONIS LABORATORIES PVT.LTD.,KOLKATA,C0956,ARYAN (AC),S0355,BARAHANAGAR (N),KOLKATA,WEST BENGAL,EAST ZONE,,,,ADLA19,ADWBRSM2,ADLA17,ADLA02
029,ADONIS LABORATORIES PVT.LTD.,KOLKATA,C0964,LAZZ MEDICO PRIVATE LIMITED (AC),S0355,BARAHANAGAR (N),KOLKATA,WEST BENGAL,EAST ZONE,ADLA105,ADLA102,,,,ADLA17,ADLA02
029,ADONIS LABORATORIES PVT.LTD.,KOLKATA,C0990,JAIN DISTRIBUTORS (AC),S0355,BARAHANAGAR (N),KOLKATA,WEST BENGAL,EAST ZONE,ADLA105,,,,,ADLA17,ADLA02
029,ADONIS LABORATORIES PVT.LTD.,KOLKATA,C1001,G.K. KHEMKA MEMORIAL CLINIC (AC),S0355,BARAHANAGAR (N),KOLKATA,WEST BENGAL,EAST ZONE,ADLA105,,,,,ADLA17,ADLA02
029,ADONIS LABORATORIES PVT.LTD.,KOLKATA,C1013,MANORAMA MEDICAL ENTERPRISE (AC),S0355,BARAHANAGAR (N),KOLKATA,WEST BENGAL,EAST ZONE,ADLA105,,,,,ADLA17,ADLA02
029,ADONIS LABORATORIES PVT.LTD.,KOLKATA,C0963,DEVA MEDICAL AGENCY (AC),S0356,BEHALA (S),KOLKATA,WEST BENGAL,EAST ZONE,ADLA120,ADLA119,,,ADWBRSM2,ADLA17,ADLA02
029,ADONIS LABORATORIES PVT.LTD.,KOLKATA,C1000,AMAR BROTHERS (AC),S0356,BEHALA (S),KOLKATA,WEST BENGAL,EAST ZONE,ADLA103,,,,ADWBRSM2,ADLA17,ADLA02
029,ADONIS LABORATORIES PVT.LTD.,KOLKATA,C1006,PHARMA PLUS (AC),S0356,BEHALA (S),KOLKATA,WEST BENGAL,EAST ZONE,ADLA103,,,,ADWBRSM2,ADLA17,ADLA02
029,ADONIS LABORATORIES PVT.LTD.,KOLKATA,C1007,DUA MEDICOS (AC),S0356,BEHALA (S),KOLKATA,WEST BENGAL,EAST ZONE,ADLA103,,,,ADWBRSM2,ADLA17,ADLA02
029,ADONIS LABORATORIES PVT.LTD.,KOLKATA,C0982,DISA ENTERPRISE (AC),S0357,JADAVPUR (S),KOLKATA,WEST BENGAL,EAST ZONE,ADLA102,,,,,ADLA17,ADLA02
029,ADONIS LABORATORIES PVT.LTD.,KOLKATA,C0983,N R PHARMACEUTICALS PVT LTD (AC),S0357,JADAVPUR (S),KOLKATA,WEST BENGAL,EAST ZONE,ADLA102,,,,,ADLA17,ADLA02
029,ADONIS LABORATORIES PVT.LTD.,KOLKATA,C1008,MANDAL MEDICINE SUPPLY (AC),S0357,JADAVPUR (S),KOLKATA,WEST BENGAL,EAST ZONE,ADLA106,,,ADLA19,ADWBRSM2,ADLA17,ADLA02
029,ADONIS LABORATORIES PVT.LTD.,KOLKATA,C1037,CALCUTTA MEDISOLUTIONS PVT LTD (AC),S0357,JADAVPUR (S),KOLKATA,WEST BENGAL,EAST ZONE,ADLA106,,,ADLA19,ADWBRSM2,ADLA17,ADLA02
018,ADONIS LABORATORIES PVT.LTD.,CUTTACK,C0110,ACP PHARMACEUTCIALS,S0244,Kendrapada,,,,ADORBE4,,,,ADLA16,,
021,ADONIS LABORATORIES PVT.LTD.,GUWAHATI,C1120,MAA SANTOSHIDRUG DISTRIBUTOR,S0154,NORTH LAKHIMPUR,NORTH LAKHIMPUR,ASSAM,EAST ZONE,ADLA46,,,,ADLA05,,ADLA02
011,SHREE BALAJI ENTERPRISES,PATNA,C1122,PRASAD DRUG DISTRIBUTORS,S0270,PATNA,PATNA,BIHAR,EAST ZONE,ADLA73,ADLA72,,ADLA13,ADLA12,,ADLA02
014,V.K.CORPORATION,BANGALORE,C1123,SAI RADHA PHARMA(INDIA)PVT.LTD.-MLR,S0142,MANGALORE,MANGALORE,KARNATAKA,SOUTH ZONE,,,,ADKAASM1,,,ADLA02
011,SHREE BALAJI ENTERPRISES,PATNA,C1121,N. S. MEDICAL AGENCY,S0359,AURANGABAD,PATNA,BIHAR,EAST ZONE,ADLA80,,,ADLA14,ADLA12,,ADLA02
012,SEN MEDICOS DISTRIBUTORS,RAIPUR,C1097,SANTOSHI MEDICAL STORES,S0073,DURG,DURG,CHHATTISGARH,CENTRAL ZONE,ADCGBE4,,,ADLA28,,,ADLA02
016,ADONIS LABORATORIES PVT.LTD.,INDORE,C0426,P.S.MEDICO,S0180,SAGAR,SAGAR,MADHYA PRADESH,CENTRAL ZONE,,,,,,,ADLA02
011,SHREE BALAJI ENTERPRISES,PATNA,C1080,UMGAON MEDICAL & SURGICAL,S0227,LAHERIASARAI,LAHERIASARAI,BIHAR,EAST ZONE,ADLA82,,,ADLA15,ADLA12,,ADLA02
021,ADONIS LABORATORIES PVT.LTD.,GUWAHATI,C1124,MAA DRUGS DISTRIBUTOR,S0188,SIBSAGAR,SIBSAGAR,ASSAM,EAST ZONE,ADLA42,,,,ADLA05,,ADLA02
016,ADONIS LABORATORIES PVT.LTD.,INDORE,C1125,JYOTI MEDICAL AGENCIES,S0372,DEWAS,DEWAS,MADHYA PRADESH,CENTRAL ZONE,ADMPBE1,,,ADLA26,,,ADLA02
014,V.K.CORPORATION,BANGALORE,C0017,SRI MAHAVEER DRUGS,S0148,MYSORE,MYSORE,KARNATAKA,SOUTH ZONE,ADKABE5,,,ADKAASM1,,,ADLA02
011,SHREE BALAJI ENTERPRISES,PATNA,C1127,NEW MEHTA BROTHERS,S0350,MADHUBANI,MADHUBANI,BIHAR,EAST ZONE,ADLA83,,,ADLA15,ADLA12,,ADLA02
011,SHREE BALAJI ENTERPRISES,PATNA,C1126,VIKKY PHARMA,S0037,BIHARSHARIF,BIHARSHARIF,BIHAR,EAST ZONE,ADLA81,,,ADLA13,ADLA12,,ADLA02
